"cust_id";"order_id";"book_id";"title";"year_publd";"isbn";"page_count";"list_price";"order_line";"quantity";"order_price";"order_date";"cust_name_last";"cust_name_first";"cust_state";"cust_postal_code";"cust_acct_opened"
226656;12900;1401;"Visual Studio Tools for Office";2006;"0321334884";976;54.99;1;20;50.00;"2015-01-25";"Randall";"Randell";"NJ";"08251     ";"2012-08-08"
226656;12900;1305;"Journeys Through Flatland";1958;"0387515357";100;9.99;2;125;5.00;"2015-01-25";"Randall";"Randell";"NJ";"08251     ";"2012-08-08"
259906;12901;1401;"Visual Studio Tools for Office";2006;"0321334884";976;54.99;1;50;49.00;"2015-01-26";"Capybara";"Wile E.";"CA";"94132     ";"2014-08-05"
221297;12855;1101;"Programming SQL Server with VB.NET";2002;"0735615357";300;59.99;1;5;59.99;"2015-01-18";"Dodgson";"Charles";"MI";"49327     ";"2001-05-06"
221297;12855;1142;"Relational Database Theory";1993;"";879;95.00;2;5;39.00;"2015-01-18";"Dodgson";"Charles";"MI";"49327     ";"2001-05-06"
221297;12855;1162;"Trees and Hierarchies";2004;"1558609202";350;35.00;3;2;35.00;"2015-01-18";"Dodgson";"Charles";"MI";"49327     ";"2001-05-06"
222477;12961;1142;"Relational Database Theory";1993;"";879;95.00;1;1;34.95;"2015-01-22";"Rossetti";"Christina";"MI";"49742     ";"2012-07-11"
222477;12961;1128;"Temporal Data and the Relational Model";2003;"na";275;49.95;2;5;46.95;"2015-01-22";"Rossetti";"Christina";"MI";"49742     ";"2012-07-11"
222477;12961;2002;"SQL Server 2012 A Beginner's Guide";2012;"978-0071761604";832;24.92;3;1;39.00;"2015-01-22";"Rossetti";"Christina";"MI";"49742     ";"2012-07-11"
267780;12962;2009;"SQL Server 2012 for Developers";2012;"78-1890774691";814;34.42;1;5;34.95;"2015-01-28";"Shelly";"Mary";"CA";"94100     ";"2010-10-02"
267780;12962;2008;"SQL Server T_Sql Recipies";2015;"978-1484200629";972;48.99;2;1;46.95;"2015-01-28";"Shelly";"Mary";"CA";"94100     ";"2010-10-02"
267780;12962;2007;"T_SQL Querying (Inside series)";2006;"9780733132";391;44.99;3;1;39.00;"2015-01-28";"Shelly";"Mary";"CA";"94100     ";"2010-10-02"
267780;12962;2002;"SQL Server 2012 A Beginner's Guide";2012;"978-0071761604";832;24.92;4;1;39.00;"2015-01-28";"Shelly";"Mary";"CA";"94100     ";"2010-10-02"
272787;12914;1103;"Selected Poems";1949;"";125;12.00;1;23;12.00;"2015-02-15";"Carlson";"Ben";"IL";"62505     ";"2012-05-05"
258595;12936;2008;"SQL Server T_Sql Recipies";2015;"978-1484200629";972;48.99;1;2;12.50;"2015-02-20";"Jobs";"Peter";"MA";"02575     ";"1997-01-09"
221297;12911;2007;"T_SQL Querying (Inside series)";2006;"9780733132";391;44.99;1;1;40.49;"2015-02-12";"Dodgson";"Charles";"MI";"49327     ";"2001-05-06"
221297;12911;1357;"Why Birds Sing";2005;"046507135X";240;26.00;2;2;23.40;"2015-02-12";"Dodgson";"Charles";"MI";"49327     ";"2001-05-06"
221297;12911;1537;"The BedSide Book of Birds";2005;"0385514832";68;29.95;3;3;28.19;"2015-02-12";"Dodgson";"Charles";"MI";"49327     ";"2001-05-06"
227105;12812;2009;"SQL Server 2012 for Developers";2012;"78-1890774691";814;34.42;1;1;26.99;"2015-02-12";"Kafka";"Franz";"MA";"02297     ";"2010-12-31"
290298;12814;1258;".Net Development for Microsoft Office";2005;"0735621322";500;49.99;1;1;45.99;"2015-02-15";"Swift";"Jonathan";"MI";"49201     ";"2010-10-12"
227105;13142;1279;"Data-Driven Services with Silverlight 2";2009;"9780596523091";336;44.99;1;1;26.99;"2015-02-12";"Kafka";"Franz";"MA";"02297     ";"2010-12-31"
290298;13144;1304;"Stories of Discoveries";2002;"0777788887";300;59.99;1;1;45.99;"2015-02-15";"Swift";"Jonathan";"MI";"49201     ";"2010-10-12"
222477;13145;1602;"Goblin Market and Other Poems";2012;"9780486280554";68;2.95;1;1;2.75;"2015-02-15";"Rossetti";"Christina";"MI";"49742     ";"2012-07-11"
222477;13145;1077;"Programming for Poets";2009;"";401;40.25;2;2;40.75;"2015-02-15";"Rossetti";"Christina";"MI";"49742     ";"2012-07-11"
267780;13840;1103;"Selected Poems";1949;"";125;12.00;1;2;12.00;"2015-03-01";"Shelly";"Mary";"CA";"94100     ";"2010-10-02"
272787;13841;1448;"Backyard Birdsong Guide: Western North America";2008;"9780811863971";3192;29.99;1;50;25.00;"2015-03-02";"Carlson";"Ben";"IL";"62505     ";"2012-05-05"
234138;13850;1279;"Data-Driven Services with Silverlight 2";2009;"9780596523091";336;44.99;1;1;40.49;"2015-03-02";"Keats";"John";"IL";"61500     ";"2006-04-30"
218709;13224;1101;"Programming SQL Server with VB.NET";2002;"0735615357";300;59.99;1;8;55.19;"2015-03-08";"Bonnard";"Paul";"MA";"02558     ";"2005-11-15"
261502;13852;1279;"Data-Driven Services with Silverlight 2";2009;"9780596523091";336;44.99;1;1;40.49;"2015-03-08";"Hawthorne";"Nathaniel";"MA";"02297     ";"2001-10-12"
282716;13001;1109;"Intro to DB Systems-7th Ed";2000;"0201385902";650;80.00;1;3;25.00;"2015-03-04";"Biederbecke";"Dwight";"PA";"18106     ";"2014-01-01"
282716;13001;1161;"SQL Programming Style";2005;"0120887975";780;35.00;2;3;35.00;"2015-03-04";"Biederbecke";"Dwight";"PA";"18106     ";"2014-01-01"
282716;13002;1258;".Net Development for Microsoft Office";2005;"0735621322";500;49.99;1;1;44.99;"2015-03-12";"Biederbecke";"Dwight";"PA";"18106     ";"2014-01-01"
282716;13002;1619;"The Oject-Oriented Thought Process";2004;"9780672326110";158;29.99;2;2;35.00;"2015-03-12";"Biederbecke";"Dwight";"PA";"18106     ";"2014-01-01"
282716;13002;1948;"Framework Design Guidelines";2006;"0321246756";346;44.99;3;1;40.94;"2015-03-12";"Biederbecke";"Dwight";"PA";"18106     ";"2014-01-01"
282716;13002;1162;"Trees and Hierarchies";2004;"1558609202";350;35.00;4;1;35.00;"2015-03-12";"Biederbecke";"Dwight";"PA";"18106     ";"2014-01-01"
282716;13002;1128;"Temporal Data and the Relational Model";2003;"na";275;49.95;5;1;46.20;"2015-03-12";"Biederbecke";"Dwight";"PA";"18106     ";"2014-01-01"
282716;13005;1628;"The Superorganism:The Beauty, Elegance, and Strangeness of Insect Societies";2008;"9780393067040";544;34.65;1;1;32.00;"2015-03-13";"Biederbecke";"Dwight";"PA";"18106     ";"2014-01-01"
282716;13005;1629;"The Leafcutter Ants: Civilization by Instinct";1990;"9780393338683";160;19.95;2;1;19.95;"2015-03-13";"Biederbecke";"Dwight";"PA";"18106     ";"2014-01-01"
272787;13006;1628;"The Superorganism:The Beauty, Elegance, and Strangeness of Insect Societies";2008;"9780393067040";544;34.65;1;1;32.00;"2015-03-13";"Carlson";"Ben";"IL";"62505     ";"2012-05-05"
272787;13006;1629;"The Leafcutter Ants: Civilization by Instinct";1990;"9780393338683";160;19.95;2;1;19.95;"2015-03-13";"Carlson";"Ben";"IL";"62505     ";"2012-05-05"
272787;13007;1258;".Net Development for Microsoft Office";2005;"0735621322";500;49.99;1;1;44.99;"2015-03-12";"Carlson";"Ben";"IL";"62505     ";"2012-05-05"
272787;13007;1619;"The Oject-Oriented Thought Process";2004;"9780672326110";158;29.99;2;2;35.00;"2015-03-12";"Carlson";"Ben";"IL";"62505     ";"2012-05-05"
272787;13007;1128;"Temporal Data and the Relational Model";2003;"na";275;49.95;3;1;46.20;"2015-03-12";"Carlson";"Ben";"IL";"62505     ";"2012-05-05"
282716;15013;1305;"Journeys Through Flatland";1958;"0387515357";100;9.99;1;49;6.00;"2015-03-20";"Biederbecke";"Dwight";"PA";"18106     ";"2014-01-01"
282716;15013;1401;"Visual Studio Tools for Office";2006;"0321334884";976;54.99;2;100;65.00;"2015-03-20";"Biederbecke";"Dwight";"PA";"18106     ";"2014-01-01"
282716;15014;1628;"The Superorganism:The Beauty, Elegance, and Strangeness of Insect Societies";2008;"9780393067040";544;34.65;1;10;32.00;"2015-03-21";"Biederbecke";"Dwight";"PA";"18106     ";"2014-01-01"
282716;15014;1629;"The Leafcutter Ants: Civilization by Instinct";1990;"9780393338683";160;19.95;2;10;19.95;"2015-03-21";"Biederbecke";"Dwight";"PA";"18106     ";"2014-01-01"
282716;15022;1627;"The Ants";1990;"9780674040755";732;120.18;1;1;199.95;"2015-03-22";"Biederbecke";"Dwight";"PA";"18106     ";"2014-01-01"
282716;15023;1978;"Acoustic Communication in Birds Vol1";1983;"9780124268012";360;103.91;1;5;92.00;"2015-03-23";"Biederbecke";"Dwight";"PA";"18106     ";"2014-01-01"
282716;15025;1602;"Goblin Market and Other Poems";2012;"9780486280554";68;2.95;1;300;2.50;"2015-03-23";"Biederbecke";"Dwight";"PA";"18106     ";"2014-01-01"
282716;15025;1602;"Goblin Market and Other Poems";2012;"9780486280554";68;2.95;3;97;2.00;"2015-03-23";"Biederbecke";"Dwight";"PA";"18106     ";"2014-01-01"
282716;15034;1619;"The Oject-Oriented Thought Process";2004;"9780672326110";158;29.99;1;1;29.99;"2015-03-24";"Biederbecke";"Dwight";"PA";"18106     ";"2014-01-01"
282716;15034;1619;"The Oject-Oriented Thought Process";2004;"9780672326110";158;29.99;2;2;15.95;"2015-03-24";"Biederbecke";"Dwight";"PA";"18106     ";"2014-01-01"
282716;15035;1142;"Relational Database Theory";1993;"";879;95.00;1;2;90.00;"2015-03-25";"Biederbecke";"Dwight";"PA";"18106     ";"2014-01-01"
282716;15040;1162;"Trees and Hierarchies";2004;"1558609202";350;35.00;1;1;32.00;"2015-03-26";"Biederbecke";"Dwight";"PA";"18106     ";"2014-01-01"
282716;15040;1626;"Bark: A Field Guide to Trees of the Northeast";2011;"9781584658528";280;25.95;2;1;19.95;"2015-03-26";"Biederbecke";"Dwight";"PA";"18106     ";"2014-01-01"
282716;15017;1625;"Winter Weed Finder: A Guide to Dry Plants in Winter (Nature Study Guides)";1989;"9780912550176";64;4.95;1;1;4.00;"2015-03-26";"Biederbecke";"Dwight";"PA";"18106     ";"2014-01-01"
282716;15008;1628;"The Superorganism:The Beauty, Elegance, and Strangeness of Insect Societies";2008;"9780393067040";544;34.65;1;2;32.00;"2015-03-23";"Biederbecke";"Dwight";"PA";"18106     ";"2014-01-01"
282716;15008;1448;"Backyard Birdsong Guide: Western North America";2008;"9780811863971";3192;29.99;2;5;25.00;"2015-03-23";"Biederbecke";"Dwight";"PA";"18106     ";"2014-01-01"
282716;15009;1142;"Relational Database Theory";1993;"";879;95.00;2;5;39.00;"2015-03-22";"Biederbecke";"Dwight";"PA";"18106     ";"2014-01-01"
276381;14007;1448;"Backyard Birdsong Guide: Western North America";2008;"9780811863971";3192;29.99;1;50;25.00;"2015-03-03";"Collins";"Douglas";"OH";"22451     ";"2005-02-08"
234138;14002;1107;"SQL Puzzles and Answers";1997;"1558604537";325;25.00;1;11;25.00;"2015-03-08";"Keats";"John";"IL";"61500     ";"2006-04-30"
234138;14002;1106;"SQL for Smarties";1995;"1558603239";250;29.00;2;12;25.50;"2015-03-08";"Keats";"John";"IL";"61500     ";"2006-04-30"
200368;14003;1104;"Sibley Guide to Bird Life and Behavior";2001;"0679451234";604;45.00;1;5;45.00;"2015-03-08";"Blake";"William";"CA";"95959     ";"1997-07-15"
234138;16853;1448;"Backyard Birdsong Guide: Western North America";2008;"9780811863971";3192;29.99;1;10;30.00;"2015-04-02";"Keats";"John";"IL";"61500     ";"2006-04-30"
234138;16853;1162;"Trees and Hierarchies";2004;"1558609202";350;35.00;2;20;34.95;"2015-04-02";"Keats";"John";"IL";"61500     ";"2006-04-30"
212921;16455;1279;"Data-Driven Services with Silverlight 2";2009;"9780596523091";336;44.99;1;1;40.49;"2015-04-05";"Books on Tap";"";"CA";"94112     ";"2002-01-06"
276381;16560;1279;"Data-Driven Services with Silverlight 2";2009;"9780596523091";336;44.99;1;1;40.49;"2015-04-15";"Collins";"Douglas";"OH";"22451     ";"2005-02-08"
272787;16256;1103;"Selected Poems";1949;"";125;12.00;1;2;12.00;"2015-04-08";"Carlson";"Ben";"IL";"62505     ";"2012-05-05"
272787;16256;1104;"Sibley Guide to Bird Life and Behavior";2001;"0679451234";604;45.00;2;1;45.00;"2015-04-08";"Carlson";"Ben";"IL";"62505     ";"2012-05-05"
212921;23890;1103;"Selected Poems";1949;"";125;12.00;1;11;15.00;"2015-05-01";"Books on Tap";"";"CA";"94112     ";"2002-01-06"
224038;25803;1128;"Temporal Data and the Relational Model";2003;"na";275;49.95;1;25;45.00;"2015-05-02";"Austin";"Pat";"CA";"95900     ";"1997-08-02"
224038;25803;1301;"ADO and Oracle Workbook";2002;"0265615357";0;59.99;2;15;45.50;"2015-05-02";"Austin";"Pat";"CA";"95900     ";"1997-08-02"
224038;25803;1304;"Stories of Discoveries";2002;"0777788887";300;59.99;3;5;59.99;"2015-05-02";"Austin";"Pat";"CA";"95900     ";"1997-08-02"
239427;22774;1304;"Stories of Discoveries";2002;"0777788887";300;59.99;1;50;45.00;"2015-05-04";"Marksa";"Anna";"NJ";"08495     ";"2012-02-28"
239427;22774;1305;"Journeys Through Flatland";1958;"0387515357";100;9.99;2;50;9.99;"2015-05-04";"Marksa";"Anna";"NJ";"08495     ";"2012-02-28"
260368;22812;1128;"Temporal Data and the Relational Model";2003;"na";275;49.95;1;1;49.95;"2015-05-05";"Muller";"Jonathan";"IL";"62885     ";"2005-12-15"
228175;24802;1103;"Selected Poems";1949;"";125;12.00;1;3;15.00;"2015-05-06";"Cardin";"Benjamin";"MD";"20609     ";"2014-04-02"
228175;24802;1306;"Myths of SQL";2000;"0454615027";2895;259.99;2;5;250.12;"2015-05-06";"Cardin";"Benjamin";"MD";"20609     ";"2014-04-02"
228175;22891;1142;"Relational Database Theory";1993;"";879;95.00;1;1;15.00;"2015-05-05";"Cardin";"Benjamin";"MD";"20609     ";"2014-04-02"
224038;22345;1104;"Sibley Guide to Bird Life and Behavior";2001;"0679451234";604;45.00;1;5;45.00;"2015-05-26";"Austin";"Pat";"CA";"95900     ";"1997-08-02"
224038;22345;1306;"Myths of SQL";2000;"0454615027";2895;259.99;2;5;250.12;"2015-05-26";"Austin";"Pat";"CA";"95900     ";"1997-08-02"
212921;22331;1142;"Relational Database Theory";1993;"";879;95.00;1;5;15.00;"2015-05-24";"Books on Tap";"";"CA";"94112     ";"2002-01-06"
226656;32903;1401;"Visual Studio Tools for Office";2006;"0321334884";976;54.99;1;1;58.00;"2015-06-02";"Randall";"Randell";"NJ";"08251     ";"2012-08-08"
259906;32904;1305;"Journeys Through Flatland";1958;"0387515357";100;9.99;1;450;5.19;"2015-06-04";"Capybara";"Wile E.";"CA";"94132     ";"2014-08-05"
259906;32904;1448;"Backyard Birdsong Guide: Western North America";2008;"9780811863971";3192;29.99;2;4;29.69;"2015-06-04";"Capybara";"Wile E.";"CA";"94132     ";"2014-08-05"
227105;32553;1103;"Selected Poems";1949;"";125;12.00;1;200;12.00;"2015-06-12";"Kafka";"Franz";"MA";"02297     ";"2010-12-31"
227105;32553;1104;"Sibley Guide to Bird Life and Behavior";2001;"0679451234";604;45.00;2;100;45.00;"2015-06-12";"Kafka";"Franz";"MA";"02297     ";"2010-12-31"
221297;32555;1101;"Programming SQL Server with VB.NET";2002;"0735615357";300;59.99;1;5;59.99;"2015-06-18";"Dodgson";"Charles";"MI";"49327     ";"2001-05-06"
221297;32555;1142;"Relational Database Theory";1993;"";879;95.00;2;5;39.00;"2015-06-18";"Dodgson";"Charles";"MI";"49327     ";"2001-05-06"
221297;32555;1162;"Trees and Hierarchies";2004;"1558609202";350;35.00;3;2;35.00;"2015-06-18";"Dodgson";"Charles";"MI";"49327     ";"2001-05-06"
222477;32561;1142;"Relational Database Theory";1993;"";879;95.00;1;1;34.95;"2015-06-22";"Rossetti";"Christina";"MI";"49742     ";"2012-07-11"
222477;32561;1128;"Temporal Data and the Relational Model";2003;"na";275;49.95;2;5;46.95;"2015-06-22";"Rossetti";"Christina";"MI";"49742     ";"2012-07-11"
222477;32561;2002;"SQL Server 2012 A Beginner's Guide";2012;"978-0071761604";832;24.92;3;1;39.00;"2015-06-22";"Rossetti";"Christina";"MI";"49742     ";"2012-07-11"
267780;32562;2009;"SQL Server 2012 for Developers";2012;"78-1890774691";814;34.42;1;5;34.95;"2015-06-28";"Shelly";"Mary";"CA";"94100     ";"2010-10-02"
267780;32562;2008;"SQL Server T_Sql Recipies";2015;"978-1484200629";972;48.99;2;1;46.95;"2015-06-28";"Shelly";"Mary";"CA";"94100     ";"2010-10-02"
267780;32562;2007;"T_SQL Querying (Inside series)";2006;"9780733132";391;44.99;3;1;39.00;"2015-06-28";"Shelly";"Mary";"CA";"94100     ";"2010-10-02"
267780;32562;2002;"SQL Server 2012 A Beginner's Guide";2012;"978-0071761604";832;24.92;4;1;39.00;"2015-06-28";"Shelly";"Mary";"CA";"94100     ";"2010-10-02"
272787;30814;1103;"Selected Poems";1949;"";125;12.00;1;23;12.00;"2015-06-15";"Carlson";"Ben";"IL";"62505     ";"2012-05-05"
272787;30815;1448;"Backyard Birdsong Guide: Western North America";2008;"9780811863971";3192;29.99;1;155;25.00;"2015-06-16";"Carlson";"Ben";"IL";"62505     ";"2012-05-05"
263119;32254;2008;"SQL Server T_Sql Recipies";2015;"978-1484200629";972;48.99;2;10;46.95;"2015-06-23";"Jones";"";"IL";"62979     ";"1997-03-02"
263119;32254;2007;"T_SQL Querying (Inside series)";2006;"9780733132";391;44.99;3;10;39.00;"2015-06-23";"Jones";"";"IL";"62979     ";"1997-03-02"
267780;18255;1101;"Programming SQL Server with VB.NET";2002;"0735615357";300;59.99;1;5;59.99;"2015-06-28";"Shelly";"Mary";"CA";"94100     ";"2010-10-02"
267780;18255;1142;"Relational Database Theory";1993;"";879;95.00;2;5;39.00;"2015-06-28";"Shelly";"Mary";"CA";"94100     ";"2010-10-02"
267780;18255;1162;"Trees and Hierarchies";2004;"1558609202";350;35.00;3;2;35.00;"2015-06-28";"Shelly";"Mary";"CA";"94100     ";"2010-10-02"
200368;18261;1142;"Relational Database Theory";1993;"";879;95.00;1;100;34.95;"2015-06-28";"Blake";"William";"CA";"95959     ";"1997-07-15"
200368;18261;1128;"Temporal Data and the Relational Model";2003;"na";275;49.95;2;50;46.95;"2015-06-28";"Blake";"William";"CA";"95959     ";"1997-07-15"
200368;18261;2002;"SQL Server 2012 A Beginner's Guide";2012;"978-0071761604";832;24.92;3;100;39.00;"2015-06-28";"Blake";"William";"CA";"95959     ";"1997-07-15"
259906;32905;2028;"Mastering Oracle Databases";2010;"9781599594487";464;59.99;1;1;58.00;"2015-06-02";"Capybara";"Wile E.";"CA";"94132     ";"2014-08-05"
267780;21841;1448;"Backyard Birdsong Guide: Western North America";2008;"9780811863971";3192;29.99;1;50;25.00;"2015-06-02";"Shelly";"Mary";"CA";"94100     ";"2010-10-02"
261502;21850;1162;"Trees and Hierarchies";2004;"1558609202";350;35.00;1;1;30.49;"2015-06-02";"Hawthorne";"Nathaniel";"MA";"02297     ";"2001-10-12"
261502;21850;1109;"Intro to DB Systems-7th Ed";2000;"0201385902";650;80.00;2;1;25.00;"2015-06-02";"Hawthorne";"Nathaniel";"MA";"02297     ";"2001-10-12"
267780;28045;1128;"Temporal Data and the Relational Model";2003;"na";275;49.95;1;1;35.99;"2015-06-18";"Shelly";"Mary";"CA";"94100     ";"2010-10-02"
261502;2200;1200;"The Mismeasure of Man";1996;"9780393314250";488;17.95;1;5;16.33;"2015-06-18";"Hawthorne";"Nathaniel";"MA";"02297     ";"2001-10-12"
261502;2200;1180;"MySQL Database Design and Tuning";2005;"9780672234650";400;49.99;2;5;45.99;"2015-06-18";"Hawthorne";"Nathaniel";"MA";"02297     ";"2001-10-12"
261502;2200;1128;"Temporal Data and the Relational Model";2003;"na";275;49.95;3;5;46.20;"2015-06-18";"Hawthorne";"Nathaniel";"MA";"02297     ";"2001-10-12"
272787;51262;2009;"SQL Server 2012 for Developers";2012;"78-1890774691";814;34.42;1;5;34.95;"2015-07-02";"Carlson";"Ben";"IL";"62505     ";"2012-05-05"
272787;51262;2002;"SQL Server 2012 A Beginner's Guide";2012;"978-0071761604";832;24.92;4;1;39.00;"2015-07-02";"Carlson";"Ben";"IL";"62505     ";"2012-05-05"
222477;51302;1258;".Net Development for Microsoft Office";2005;"0735621322";500;49.99;1;1;44.99;"2015-07-05";"Rossetti";"Christina";"MI";"49742     ";"2012-07-11"
218709;51310;1774;"Ever Since Darwin";1992;"9780393308181";288;15.95;1;1;14.67;"2015-07-09";"Bonnard";"Paul";"MA";"02558     ";"2005-11-15"
218709;51310;1619;"The Oject-Oriented Thought Process";2004;"9780672326110";158;29.99;2;1;26.99;"2015-07-09";"Bonnard";"Paul";"MA";"02558     ";"2005-11-15"
218709;51310;1269;"Querying XML";2006;"9781558607118";848;63.95;3;1;58.83;"2015-07-09";"Bonnard";"Paul";"MA";"02558     ";"2005-11-15"
261502;51321;2008;"SQL Server T_Sql Recipies";2015;"978-1484200629";972;48.99;1;20;54.59;"2015-07-29";"Hawthorne";"Nathaniel";"MA";"02297     ";"2001-10-12"
261502;51321;1978;"Acoustic Communication in Birds Vol1";1983;"9780124268012";360;103.91;2;10;95.60;"2015-07-29";"Hawthorne";"Nathaniel";"MA";"02297     ";"2001-10-12"
290298;51328;1182;"MySQL Cookbook";2007;"9780596527082";918;49.99;1;70;44.99;"2015-07-30";"Swift";"Jonathan";"MI";"49201     ";"2010-10-12"
227105;51345;1105;"SQL:1999 Relational Language Concepts";2002;"1558604561";450;59.95;1;40;55.15;"2015-07-30";"Kafka";"Franz";"MA";"02297     ";"2010-12-31"
259906;32906;2028;"Mastering Oracle Databases";2010;"9781599594487";464;59.99;1;2;58.50;"2015-07-04";"Capybara";"Wile E.";"CA";"94132     ";"2014-08-05"
259906;32906;1103;"Selected Poems";1949;"";125;12.00;2;11;15.00;"2015-07-04";"Capybara";"Wile E.";"CA";"94132     ";"2014-08-05"
259906;32906;1103;"Selected Poems";1949;"";125;12.00;3;1;5.75;"2015-07-04";"Capybara";"Wile E.";"CA";"94132     ";"2014-08-05"
239427;22909;1104;"Sibley Guide to Bird Life and Behavior";2001;"0679451234";604;45.00;1;5;45.00;"2015-07-25";"Marksa";"Anna";"NJ";"08495     ";"2012-02-28"
218709;22910;1105;"SQL:1999 Relational Language Concepts";2002;"1558604561";450;59.95;1;5;49.99;"2015-07-25";"Bonnard";"Paul";"MA";"02558     ";"2005-11-15"
218709;22910;1162;"Trees and Hierarchies";2004;"1558609202";350;35.00;2;5;35.00;"2015-07-25";"Bonnard";"Paul";"MA";"02558     ";"2005-11-15"
239427;32997;1948;"Framework Design Guidelines";2006;"0321246756";346;44.99;1;5;40.94;"2015-07-22";"Marksa";"Anna";"NJ";"08495     ";"2012-02-28"
239427;32997;1199;"SQL is Fun";2007;"";98;19.99;2;5;18.39;"2015-07-22";"Marksa";"Anna";"NJ";"08495     ";"2012-02-28"
239427;32997;1457;"Visual Basic 2008 Recipes";2008;"9781590599709";300;79.99;3;5;53.99;"2015-07-22";"Marksa";"Anna";"NJ";"08495     ";"2012-02-28"
239427;32997;1133;"Leaves of Grass";1902;"";125;19.95;4;5;18.15;"2015-07-22";"Marksa";"Anna";"NJ";"08495     ";"2012-02-28"
239427;32997;1162;"Trees and Hierarchies";2004;"1558609202";350;35.00;5;5;36.79;"2015-07-22";"Marksa";"Anna";"NJ";"08495     ";"2012-02-28"
261502;32998;2006;"T_SQL Programming (Inside series)";2006;"9780756978";390;44.99;1;3;20.00;"2015-07-22";"Hawthorne";"Nathaniel";"MA";"02297     ";"2001-10-12"
290298;41005;1142;"Relational Database Theory";1993;"";879;95.00;1;2;42.45;"2015-07-28";"Swift";"Jonathan";"MI";"49201     ";"2010-10-12"
290298;41005;1107;"SQL Puzzles and Answers";1997;"1558604537";325;25.00;2;4;21.50;"2015-07-28";"Swift";"Jonathan";"MI";"49201     ";"2010-10-12"
267780;41006;1142;"Relational Database Theory";1993;"";879;95.00;1;10;42.95;"2015-07-28";"Shelly";"Mary";"CA";"94100     ";"2010-10-02"
261502;42899;1128;"Temporal Data and the Relational Model";2003;"na";275;49.95;1;5;25.00;"2015-07-29";"Hawthorne";"Nathaniel";"MA";"02297     ";"2001-10-12"
261502;42899;1103;"Selected Poems";1949;"";125;12.00;2;1;10.95;"2015-07-29";"Hawthorne";"Nathaniel";"MA";"02297     ";"2001-10-12"
259906;32907;2028;"Mastering Oracle Databases";2010;"9781599594487";464;59.99;1;3;58.00;"2015-08-04";"Capybara";"Wile E.";"CA";"94132     ";"2014-08-05"
259906;32907;1142;"Relational Database Theory";1993;"";879;95.00;2;10;11.14;"2015-08-04";"Capybara";"Wile E.";"CA";"94132     ";"2014-08-05"
227105;81346;1619;"The Oject-Oriented Thought Process";2004;"9780672326110";158;29.99;1;100;26.99;"2015-08-03";"Kafka";"Franz";"MA";"02297     ";"2010-12-31"
227105;81346;1401;"Visual Studio Tools for Office";2006;"0321334884";976;54.99;2;200;50.04;"2015-08-03";"Kafka";"Franz";"MA";"02297     ";"2010-12-31"
227105;81346;1108;"Database Systems";1996;"";680;39.95;3;600;27.60;"2015-08-03";"Kafka";"Franz";"MA";"02297     ";"2010-12-31"
218709;18347;1258;".Net Development for Microsoft Office";2005;"0735621322";500;49.99;1;1;44.99;"2015-08-03";"Bonnard";"Paul";"MA";"02558     ";"2005-11-15"
218709;18347;1619;"The Oject-Oriented Thought Process";2004;"9780672326110";158;29.99;2;2;35.00;"2015-08-03";"Bonnard";"Paul";"MA";"02558     ";"2005-11-15"
218709;18347;1948;"Framework Design Guidelines";2006;"0321246756";346;44.99;3;1;40.94;"2015-08-03";"Bonnard";"Paul";"MA";"02558     ";"2005-11-15"
218709;18347;1162;"Trees and Hierarchies";2004;"1558609202";350;35.00;4;1;35.00;"2015-08-03";"Bonnard";"Paul";"MA";"02558     ";"2005-11-15"
218709;18347;1128;"Temporal Data and the Relational Model";2003;"na";275;49.95;5;1;46.20;"2015-08-03";"Bonnard";"Paul";"MA";"02558     ";"2005-11-15"
261502;18410;2006;"T_SQL Programming (Inside series)";2006;"9780756978";390;44.99;1;35;20.00;"2015-08-07";"Hawthorne";"Nathaniel";"MA";"02297     ";"2001-10-12"
263119;21254;2008;"SQL Server T_Sql Recipies";2015;"978-1484200629";972;48.99;2;10;46.95;"2015-08-23";"Jones";"";"IL";"62979     ";"1997-03-02"
263119;21254;2007;"T_SQL Querying (Inside series)";2006;"9780733132";391;44.99;3;10;39.00;"2015-08-23";"Jones";"";"IL";"62979     ";"1997-03-02"
267780;21255;1101;"Programming SQL Server with VB.NET";2002;"0735615357";300;59.99;1;5;59.99;"2015-08-28";"Shelly";"Mary";"CA";"94100     ";"2010-10-02"
267780;21255;1142;"Relational Database Theory";1993;"";879;95.00;2;5;39.00;"2015-08-28";"Shelly";"Mary";"CA";"94100     ";"2010-10-02"
267780;21255;1162;"Trees and Hierarchies";2004;"1558609202";350;35.00;3;2;35.00;"2015-08-28";"Shelly";"Mary";"CA";"94100     ";"2010-10-02"
200368;21261;1142;"Relational Database Theory";1993;"";879;95.00;1;100;34.95;"2015-08-28";"Blake";"William";"CA";"95959     ";"1997-07-15"
200368;21261;1128;"Temporal Data and the Relational Model";2003;"na";275;49.95;2;50;46.95;"2015-08-28";"Blake";"William";"CA";"95959     ";"1997-07-15"
200368;21261;2002;"SQL Server 2012 A Beginner's Guide";2012;"978-0071761604";832;24.92;3;100;39.00;"2015-08-28";"Blake";"William";"CA";"95959     ";"1997-07-15"
227105;14011;1128;"Temporal Data and the Relational Model";2003;"na";275;49.95;1;50;25.00;"2015-08-12";"Kafka";"Franz";"MA";"02297     ";"2010-12-31"
227105;14020;1109;"Intro to DB Systems-7th Ed";2000;"0201385902";650;80.00;1;30;25.00;"2015-08-12";"Kafka";"Franz";"MA";"02297     ";"2010-12-31"
227105;14020;1161;"SQL Programming Style";2005;"0120887975";780;35.00;2;30;35.00;"2015-08-12";"Kafka";"Franz";"MA";"02297     ";"2010-12-31"
267780;14042;1128;"Temporal Data and the Relational Model";2003;"na";275;49.95;1;25;12.50;"2015-08-18";"Shelly";"Mary";"CA";"94100     ";"2010-10-02"
267780;14042;2008;"SQL Server T_Sql Recipies";2015;"978-1484200629";972;48.99;2;40;34.95;"2015-08-18";"Shelly";"Mary";"CA";"94100     ";"2010-10-02"
267780;14042;2007;"T_SQL Querying (Inside series)";2006;"9780733132";391;44.99;3;25;35.00;"2015-08-18";"Shelly";"Mary";"CA";"94100     ";"2010-10-02"
267780;14083;1162;"Trees and Hierarchies";2004;"1558609202";350;35.00;1;1;32.45;"2015-08-11";"Shelly";"Mary";"CA";"94100     ";"2010-10-02"
267780;14083;1161;"SQL Programming Style";2005;"0120887975";780;35.00;2;3;35.00;"2015-08-11";"Shelly";"Mary";"CA";"94100     ";"2010-10-02"
222477;14091;1128;"Temporal Data and the Relational Model";2003;"na";275;49.95;1;1;49.95;"2015-08-12";"Rossetti";"Christina";"MI";"49742     ";"2012-07-11"
222477;14091;1161;"SQL Programming Style";2005;"0120887975";780;35.00;2;1;35.00;"2015-08-12";"Rossetti";"Christina";"MI";"49742     ";"2012-07-11"
222477;14091;2002;"SQL Server 2012 A Beginner's Guide";2012;"978-0071761604";832;24.92;3;1;39.00;"2015-08-12";"Rossetti";"Christina";"MI";"49742     ";"2012-07-11"
227105;15052;1102;"Practical Standards for VB.NET";2003;"0735613568";250;49.99;1;2;49.99;"2015-08-12";"Kafka";"Franz";"MA";"02297     ";"2010-12-31"
226656;32900;1401;"Visual Studio Tools for Office";2006;"0321334884";976;54.99;1;20;50.00;"2015-08-25";"Randall";"Randell";"NJ";"08251     ";"2012-08-08"
226656;32900;1305;"Journeys Through Flatland";1958;"0387515357";100;9.99;2;125;5.00;"2015-08-25";"Randall";"Randell";"NJ";"08251     ";"2012-08-08"
259906;32901;1401;"Visual Studio Tools for Office";2006;"0321334884";976;54.99;1;50;49.00;"2015-08-26";"Capybara";"Wile E.";"CA";"94132     ";"2014-08-05"
259906;32902;1305;"Journeys Through Flatland";1958;"0387515357";100;9.99;1;49;6.00;"2015-08-27";"Capybara";"Wile E.";"CA";"94132     ";"2014-08-05"
259906;32902;1401;"Visual Studio Tools for Office";2006;"0321334884";976;54.99;2;100;65.00;"2015-08-27";"Capybara";"Wile E.";"CA";"94132     ";"2014-08-05"
211483;30835;1103;"Selected Poems";1949;"";125;12.00;1;25;10.95;"2015-09-17";"Carroll";"Lewis";"CA";"94203     ";"1998-08-08"
258595;30836;2008;"SQL Server T_Sql Recipies";2015;"978-1484200629";972;48.99;1;2;12.50;"2015-09-20";"Jobs";"Peter";"MA";"02575     ";"1997-01-09"
221297;61811;2007;"T_SQL Querying (Inside series)";2006;"9780733132";391;44.99;1;1;40.49;"2015-09-12";"Dodgson";"Charles";"MI";"49327     ";"2001-05-06"
221297;61811;1357;"Why Birds Sing";2005;"046507135X";240;26.00;2;2;23.40;"2015-09-12";"Dodgson";"Charles";"MI";"49327     ";"2001-05-06"
221297;61811;1537;"The BedSide Book of Birds";2005;"0385514832";68;29.95;3;3;28.19;"2015-09-12";"Dodgson";"Charles";"MI";"49327     ";"2001-05-06"
227105;61812;2009;"SQL Server 2012 for Developers";2012;"78-1890774691";814;34.42;1;1;26.99;"2015-09-12";"Kafka";"Franz";"MA";"02297     ";"2010-12-31"
290298;61814;1258;".Net Development for Microsoft Office";2005;"0735621322";500;49.99;1;1;45.99;"2015-09-15";"Swift";"Jonathan";"MI";"49201     ";"2010-10-12"
212921;61818;1106;"SQL for Smarties";1995;"1558603239";250;29.00;1;30;20.00;"2015-09-16";"Books on Tap";"";"CA";"94112     ";"2002-01-06"
212921;61818;1537;"The BedSide Book of Birds";2005;"0385514832";68;29.95;2;2;25.00;"2015-09-16";"Books on Tap";"";"CA";"94112     ";"2002-01-06"
212921;61818;1180;"MySQL Database Design and Tuning";2005;"9780672234650";400;49.99;3;1;46.99;"2015-09-16";"Books on Tap";"";"CA";"94112     ";"2002-01-06"
212921;61818;1979;"Pro VB 2008 and the .NET 3.5 Platform";2008;"9781590598221";1368;59.99;4;1;53.99;"2015-09-16";"Books on Tap";"";"CA";"94112     ";"2002-01-06"
261502;51710;2009;"SQL Server 2012 for Developers";2012;"78-1890774691";814;34.42;1;99;245.49;"2015-09-08";"Hawthorne";"Nathaniel";"MA";"02297     ";"2001-10-12"
290298;51712;1835;"Data Binding with Windows Forms 2.0";2006;"032126892X";634;49.99;1;1;45.99;"2015-09-09";"Swift";"Jonathan";"MI";"49201     ";"2010-10-12"
290298;51712;1162;"Trees and Hierarchies";2004;"1558609202";350;35.00;2;99;30.00;"2015-09-09";"Swift";"Jonathan";"MI";"49201     ";"2010-10-12"
272787;52004;1161;"SQL Programming Style";2005;"0120887975";780;35.00;2;1;35.00;"2015-09-22";"Carlson";"Ben";"IL";"62505     ";"2012-05-05"
272787;52005;1448;"Backyard Birdsong Guide: Western North America";2008;"9780811863971";3192;29.99;1;50;25.00;"2015-09-30";"Carlson";"Ben";"IL";"62505     ";"2012-05-05"
272787;52012;1448;"Backyard Birdsong Guide: Western North America";2008;"9780811863971";3192;29.99;1;50;25.00;"2015-09-22";"Carlson";"Ben";"IL";"62505     ";"2012-05-05"
272787;52013;2009;"SQL Server 2012 for Developers";2012;"78-1890774691";814;34.42;1;2;12.50;"2015-09-22";"Carlson";"Ben";"IL";"62505     ";"2012-05-05"
296598;50847;1103;"Selected Poems";1949;"";125;12.00;1;2;12.00;"2015-09-20";"Collins";"Douglas";"MO";"65836     ";"2005-04-25"
263119;50848;2007;"T_SQL Querying (Inside series)";2006;"9780733132";391;44.99;1;2;12.50;"2015-09-21";"Jones";"";"IL";"62979     ";"1997-03-02"
217796;50849;1448;"Backyard Birdsong Guide: Western North America";2008;"9780811863971";3192;29.99;1;50;25.00;"2015-09-22";"Anders";"";"IL";"62505     ";"2012-03-30"
218709;51833;1101;"Programming SQL Server with VB.NET";2002;"0735615357";300;59.99;1;8;55.19;"2015-09-08";"Bonnard";"Paul";"MA";"02558     ";"2005-11-15"
218709;51833;1104;"Sibley Guide to Bird Life and Behavior";2001;"0679451234";604;45.00;2;1;45.00;"2015-09-08";"Bonnard";"Paul";"MA";"02558     ";"2005-11-15"
218709;51833;1162;"Trees and Hierarchies";2004;"1558609202";350;35.00;3;20;34.95;"2015-09-08";"Bonnard";"Paul";"MA";"02558     ";"2005-11-15"
218709;51833;1279;"Data-Driven Services with Silverlight 2";2009;"9780596523091";336;44.99;4;1;40.49;"2015-09-08";"Bonnard";"Paul";"MA";"02558     ";"2005-11-15"
299099;51850;1677;"Windows Forms 2.0 Programming";2006;"0321267966";982;74.99;1;1;70.00;"2015-09-08";"Sam";"Dave";"CA";"94141     ";"2012-01-01"
259969;51851;1162;"Trees and Hierarchies";2004;"1558609202";350;35.00;1;1;35.00;"2015-09-12";"Carlsen";"Benny";"NJ";"08505     ";"2012-07-12"
259969;51851;1269;"Querying XML";2006;"9781558607118";848;63.95;2;1;63.95;"2015-09-12";"Carlsen";"Benny";"NJ";"08505     ";"2012-07-12"
259969;51851;2017;"Functional Programming";2010;"9781933988924";528;49.99;3;1;49.99;"2015-09-12";"Carlsen";"Benny";"NJ";"08505     ";"2012-07-12"
259969;51852;2032;"Oracle and the rest of the world";2013;"9091599593217";250;55.99;1;1;0.00;"2015-09-12";"Carlsen";"Benny";"NJ";"08505     ";"2012-07-12"
259969;51852;2017;"Functional Programming";2010;"9781933988924";528;49.99;3;1;0.00;"2015-09-12";"Carlsen";"Benny";"NJ";"08505     ";"2012-07-12"
218709;51853;1161;"SQL Programming Style";2005;"0120887975";780;35.00;4;100;25.25;"2015-09-25";"Bonnard";"Paul";"MA";"02558     ";"2005-11-15"
239427;51854;1537;"The BedSide Book of Birds";2005;"0385514832";68;29.95;3;15;15.37;"2015-09-26";"Marksa";"Anna";"NJ";"08495     ";"2012-02-28"
260368;51855;1200;"The Mismeasure of Man";1996;"9780393314250";488;17.95;4;2;17.00;"2015-09-26";"Muller";"Jonathan";"IL";"62885     ";"2005-12-15"
260368;51855;1200;"The Mismeasure of Man";1996;"9780393314250";488;17.95;1;4;16.00;"2015-09-26";"Muller";"Jonathan";"IL";"62885     ";"2005-12-15"
260368;51855;1200;"The Mismeasure of Man";1996;"9780393314250";488;17.95;2;2;16.00;"2015-09-26";"Muller";"Jonathan";"IL";"62885     ";"2005-12-15"
260368;51855;1200;"The Mismeasure of Man";1996;"9780393314250";488;17.95;3;3;17.00;"2015-09-26";"Muller";"Jonathan";"IL";"62885     ";"2005-12-15"
272611;51856;1546;"The Johnstown Flood";1987;"9780671207144";304;10.39;4;2;10.39;"2015-09-28";"Jarrett";"Keith";"IL";"62329     ";"2014-07-11"
272611;51856;1545;"Team of Rivals: The Political Genius of Abraham Lincoln";2006;"9780739469767";944;13.96;1;2;13.00;"2015-09-28";"Jarrett";"Keith";"IL";"62329     ";"2014-07-11"
227105;72820;1628;"The Superorganism:The Beauty, Elegance, and Strangeness of Insect Societies";2008;"9780393067040";544;34.65;1;6;32.00;"2015-09-19";"Kafka";"Franz";"MA";"02297     ";"2010-12-31"
227105;72820;1629;"The Leafcutter Ants: Civilization by Instinct";1990;"9780393338683";160;19.95;2;6;19.95;"2015-09-19";"Kafka";"Franz";"MA";"02297     ";"2010-12-31"
222477;72821;1258;".Net Development for Microsoft Office";2005;"0735621322";500;49.99;1;1;44.99;"2015-09-19";"Rossetti";"Christina";"MI";"49742     ";"2012-07-11"
239427;72812;1357;"Why Birds Sing";2005;"046507135X";240;26.00;1;40;26.00;"2015-09-30";"Marksa";"Anna";"NJ";"08495     ";"2012-02-28"
239427;72812;1425;"The Singing Life of Birds";2005;"0618405682";468;28.09;2;40;28.09;"2015-09-30";"Marksa";"Anna";"NJ";"08495     ";"2012-02-28"
239427;72813;1175;"MySQL in a Nutshell";2008;"9780596514331";538;34.99;1;1;45.00;"2015-09-30";"Marksa";"Anna";"NJ";"08495     ";"2012-02-28"
239427;72813;1180;"MySQL Database Design and Tuning";2005;"9780672234650";400;49.99;2;1;49.99;"2015-09-30";"Marksa";"Anna";"NJ";"08495     ";"2012-02-28"
239427;72813;1182;"MySQL Cookbook";2007;"9780596527082";918;49.99;3;1;45.00;"2015-09-30";"Marksa";"Anna";"NJ";"08495     ";"2012-02-28"
272787;30816;1448;"Backyard Birdsong Guide: Western North America";2008;"9780811863971";3192;29.99;1;50;25.00;"2015-11-06";"Carlson";"Ben";"IL";"62505     ";"2012-05-05"
234138;30820;1448;"Backyard Birdsong Guide: Western North America";2008;"9780811863971";3192;29.99;1;50;25.00;"2015-11-10";"Keats";"John";"IL";"61500     ";"2006-04-30"
217796;30821;1103;"Selected Poems";1949;"";125;12.00;1;2;10.95;"2015-11-10";"Anders";"";"IL";"62505     ";"2012-03-30"
211483;30822;1128;"Temporal Data and the Relational Model";2003;"na";275;49.95;1;10;49.95;"2015-11-12";"Carroll";"Lewis";"CA";"94203     ";"1998-08-08"
282716;30855;1602;"Goblin Market and Other Poems";2012;"9780486280554";68;2.95;1;500;2.00;"2015-11-23";"Biederbecke";"Dwight";"PA";"18106     ";"2014-01-01"
267780;51840;1103;"Selected Poems";1949;"";125;12.00;1;2;12.00;"2015-11-01";"Shelly";"Mary";"CA";"94100     ";"2010-10-02"
272787;51841;1448;"Backyard Birdsong Guide: Western North America";2008;"9780811863971";3192;29.99;1;50;25.00;"2015-11-02";"Carlson";"Ben";"IL";"62505     ";"2012-05-05"
272787;51841;1279;"Data-Driven Services with Silverlight 2";2009;"9780596523091";336;44.99;2;1;40.49;"2015-11-02";"Carlson";"Ben";"IL";"62505     ";"2012-05-05"
222477;51842;1162;"Trees and Hierarchies";2004;"1558609202";350;35.00;1;1;35.99;"2015-11-18";"Rossetti";"Christina";"MI";"49742     ";"2012-07-11"
222477;51842;1199;"SQL is Fun";2007;"";98;19.99;2;5;18.39;"2015-11-18";"Rossetti";"Christina";"MI";"49742     ";"2012-07-11"
222477;51842;1133;"Leaves of Grass";1902;"";125;19.95;4;5;18.15;"2015-11-18";"Rossetti";"Christina";"MI";"49742     ";"2012-07-11"
222477;30824;1670;"Applied .NET Framework Programming VB.NET";2003;"0735678772";608;49.99;1;10;40.00;"2015-11-05";"Rossetti";"Christina";"MI";"49742     ";"2012-07-11"
222477;30824;2005;"Developer's Guide to SQL Server 2005";2006;"0321382188";894;59.99;4;20;45.00;"2015-11-05";"Rossetti";"Christina";"MI";"49742     ";"2012-07-11"
272787;20019;1448;"Backyard Birdsong Guide: Western North America";2008;"9780811863971";3192;29.99;1;50;25.00;"2015-11-02";"Carlson";"Ben";"IL";"62505     ";"2012-05-05"
272787;20029;1103;"Selected Poems";1949;"";125;12.00;1;20;10.95;"2015-11-12";"Carlson";"Ben";"IL";"62505     ";"2012-05-05"
272787;20038;1103;"Selected Poems";1949;"";125;12.00;1;2;12.00;"2015-11-12";"Carlson";"Ben";"IL";"62505     ";"2012-05-05"
227105;15648;1106;"SQL for Smarties";1995;"1558603239";250;29.00;1;50;34.95;"2015-11-18";"Kafka";"Franz";"MA";"02297     ";"2010-12-31"
227105;15648;1107;"SQL Puzzles and Answers";1997;"1558604537";325;25.00;2;50;20.95;"2015-11-18";"Kafka";"Franz";"MA";"02297     ";"2010-12-31"
227105;15648;2002;"SQL Server 2012 A Beginner's Guide";2012;"978-0071761604";832;24.92;3;50;39.00;"2015-11-18";"Kafka";"Franz";"MA";"02297     ";"2010-12-31"
217796;18003;2009;"SQL Server 2012 for Developers";2012;"78-1890774691";814;34.42;1;5;34.95;"2015-11-12";"Anders";"";"IL";"62505     ";"2012-03-30"
217796;18003;2008;"SQL Server T_Sql Recipies";2015;"978-1484200629";972;48.99;2;1;46.95;"2015-11-12";"Anders";"";"IL";"62505     ";"2012-03-30"
217796;18013;1103;"Selected Poems";1949;"";125;12.00;1;2;10.95;"2015-11-13";"Anders";"";"IL";"62505     ";"2012-03-30"
217796;18013;1106;"SQL for Smarties";1995;"1558603239";250;29.00;2;1;29.00;"2015-11-13";"Anders";"";"IL";"62505     ";"2012-03-30"
221297;30825;1128;"Temporal Data and the Relational Model";2003;"na";275;49.95;1;4;45.49;"2015-11-21";"Dodgson";"Charles";"MI";"49327     ";"2001-05-06"
211483;30826;1161;"SQL Programming Style";2005;"0120887975";780;35.00;2;16;35.00;"2015-11-24";"Carroll";"Lewis";"CA";"94203     ";"1998-08-08"
211483;30833;1448;"Backyard Birdsong Guide: Western North America";2008;"9780811863971";3192;29.99;1;50;25.00;"2015-11-14";"Carroll";"Lewis";"CA";"94203     ";"1998-08-08"
211483;30834;1128;"Temporal Data and the Relational Model";2003;"na";275;49.95;1;1;49.95;"2015-11-17";"Carroll";"Lewis";"CA";"94203     ";"1998-08-08"
261502;82897;1128;"Temporal Data and the Relational Model";2003;"na";275;49.95;1;10;49.95;"2015-11-22";"Hawthorne";"Nathaniel";"MA";"02297     ";"2001-10-12"
261502;82897;1161;"SQL Programming Style";2005;"0120887975";780;35.00;2;10;35.00;"2015-11-22";"Hawthorne";"Nathaniel";"MA";"02297     ";"2001-10-12"
261502;82897;2002;"SQL Server 2012 A Beginner's Guide";2012;"978-0071761604";832;24.92;3;10;39.00;"2015-11-22";"Hawthorne";"Nathaniel";"MA";"02297     ";"2001-10-12"
261502;82898;2006;"T_SQL Programming (Inside series)";2006;"9780756978";390;44.99;1;3;20.00;"2015-11-22";"Hawthorne";"Nathaniel";"MA";"02297     ";"2001-10-12"
261502;82898;1188;"SQL for MySQL Developers";2007;"9780314973851";105;49.99;4;3;49.99;"2015-11-22";"Hawthorne";"Nathaniel";"MA";"02297     ";"2001-10-12"
261502;82898;1877;"High Performance MySQL";2008;"9780596101718";708;49.99;3;3;45.00;"2015-11-22";"Hawthorne";"Nathaniel";"MA";"02297     ";"2001-10-12"
261502;82898;1629;"The Leafcutter Ants: Civilization by Instinct";1990;"9780393338683";160;19.95;2;1;19.95;"2015-11-22";"Hawthorne";"Nathaniel";"MA";"02297     ";"2001-10-12"
290298;81005;1142;"Relational Database Theory";1993;"";879;95.00;1;2;42.45;"2015-11-28";"Swift";"Jonathan";"MI";"49201     ";"2010-10-12"
290298;81005;1107;"SQL Puzzles and Answers";1997;"1558604537";325;25.00;2;4;21.50;"2015-11-28";"Swift";"Jonathan";"MI";"49201     ";"2010-10-12"
208950;81006;1103;"Selected Poems";1949;"";125;12.00;1;10;10.95;"2015-11-28";"Adams";"Samuel";"MA";"02106     ";"1996-04-15"
261502;82899;1128;"Temporal Data and the Relational Model";2003;"na";275;49.95;1;50;25.00;"2015-11-29";"Hawthorne";"Nathaniel";"MA";"02297     ";"2001-10-12"
261502;82899;1184;"MySQL Developer's Library";2009;"9780672329388";650;49.99;2;5;49.99;"2015-11-29";"Hawthorne";"Nathaniel";"MA";"02297     ";"2001-10-12"
261502;82899;1185;"MySQL Stored Procedures";2007;"9780596100896";595;49.99;3;5;49.99;"2015-11-29";"Hawthorne";"Nathaniel";"MA";"02297     ";"2001-10-12"
261502;82899;1175;"MySQL in a Nutshell";2008;"9780596514331";538;34.99;4;5;34.90;"2015-11-29";"Hawthorne";"Nathaniel";"MA";"02297     ";"2001-10-12"
261502;82899;1425;"The Singing Life of Birds";2005;"0618405682";468;28.09;5;5;25.90;"2015-11-29";"Hawthorne";"Nathaniel";"MA";"02297     ";"2001-10-12"
222477;60002;1103;"Selected Poems";1949;"";125;12.00;1;2;10.95;"2015-12-03";"Rossetti";"Christina";"MI";"49742     ";"2012-07-11"
222477;60002;1106;"SQL for Smarties";1995;"1558603239";250;29.00;2;1;29.00;"2015-12-03";"Rossetti";"Christina";"MI";"49742     ";"2012-07-11"
227105;60005;1110;"Adv SQL:1999 Object_Relational Features";2002;"1558606077";520;59.95;1;2;50.00;"2015-12-06";"Kafka";"Franz";"MA";"02297     ";"2010-12-31"
227105;60005;1161;"SQL Programming Style";2005;"0120887975";780;35.00;2;100;44.99;"2015-12-06";"Kafka";"Franz";"MA";"02297     ";"2010-12-31"
227105;60005;1128;"Temporal Data and the Relational Model";2003;"na";275;49.95;3;400;41.40;"2015-12-06";"Kafka";"Franz";"MA";"02297     ";"2010-12-31"
267780;60009;1162;"Trees and Hierarchies";2004;"1558609202";350;35.00;1;1;32.45;"2015-12-11";"Shelly";"Mary";"CA";"94100     ";"2010-10-02"
267780;60009;1161;"SQL Programming Style";2005;"0120887975";780;35.00;2;3;35.00;"2015-12-11";"Shelly";"Mary";"CA";"94100     ";"2010-10-02"
267780;60009;1142;"Relational Database Theory";1993;"";879;95.00;3;100;34.95;"2015-12-11";"Shelly";"Mary";"CA";"94100     ";"2010-10-02"
267780;60009;1128;"Temporal Data and the Relational Model";2003;"na";275;49.95;4;50;46.95;"2015-12-11";"Shelly";"Mary";"CA";"94100     ";"2010-10-02"
267780;60009;2002;"SQL Server 2012 A Beginner's Guide";2012;"978-0071761604";832;24.92;5;100;39.00;"2015-12-11";"Shelly";"Mary";"CA";"94100     ";"2010-10-02"
272787;60011;1162;"Trees and Hierarchies";2004;"1558609202";350;35.00;1;1;32.45;"2015-12-02";"Carlson";"Ben";"IL";"62505     ";"2012-05-05"
272787;60011;1161;"SQL Programming Style";2005;"0120887975";780;35.00;2;3;35.00;"2015-12-02";"Carlson";"Ben";"IL";"62505     ";"2012-05-05"
272787;60011;2028;"Mastering Oracle Databases";2010;"9781599594487";464;59.99;3;1;58.00;"2015-12-02";"Carlson";"Ben";"IL";"62505     ";"2012-05-05"
267780;60012;1162;"Trees and Hierarchies";2004;"1558609202";350;35.00;1;1;32.45;"2015-12-11";"Shelly";"Mary";"CA";"94100     ";"2010-10-02"
267780;60012;1161;"SQL Programming Style";2005;"0120887975";780;35.00;2;3;35.00;"2015-12-11";"Shelly";"Mary";"CA";"94100     ";"2010-10-02"
222477;60018;1128;"Temporal Data and the Relational Model";2003;"na";275;49.95;1;1;49.95;"2015-12-12";"Rossetti";"Christina";"MI";"49742     ";"2012-07-11"
222477;60018;1161;"SQL Programming Style";2005;"0120887975";780;35.00;2;1;35.00;"2015-12-12";"Rossetti";"Christina";"MI";"49742     ";"2012-07-11"
222477;60018;2002;"SQL Server 2012 A Beginner's Guide";2012;"978-0071761604";832;24.92;3;1;39.00;"2015-12-12";"Rossetti";"Christina";"MI";"49742     ";"2012-07-11"
227105;60019;1101;"Programming SQL Server with VB.NET";2002;"0735615357";300;59.99;1;5;59.99;"2015-12-12";"Kafka";"Franz";"MA";"02297     ";"2010-12-31"
227105;60019;1142;"Relational Database Theory";1993;"";879;95.00;2;5;39.00;"2015-12-12";"Kafka";"Franz";"MA";"02297     ";"2010-12-31"
227105;60019;1162;"Trees and Hierarchies";2004;"1558609202";350;35.00;3;2;35.00;"2015-12-12";"Kafka";"Franz";"MA";"02297     ";"2010-12-31"
222477;60029;1628;"The Superorganism:The Beauty, Elegance, and Strangeness of Insect Societies";2008;"9780393067040";544;34.65;1;1;32.00;"2015-12-22";"Rossetti";"Christina";"MI";"49742     ";"2012-07-11"
222477;60029;1629;"The Leafcutter Ants: Civilization by Instinct";1990;"9780393338683";160;19.95;2;1;19.95;"2015-12-22";"Rossetti";"Christina";"MI";"49742     ";"2012-07-11"
222477;60029;1258;".Net Development for Microsoft Office";2005;"0735621322";500;49.99;3;1;44.99;"2015-12-22";"Rossetti";"Christina";"MI";"49742     ";"2012-07-11"
222477;60029;1619;"The Oject-Oriented Thought Process";2004;"9780672326110";158;29.99;4;2;35.00;"2015-12-22";"Rossetti";"Christina";"MI";"49742     ";"2012-07-11"
222477;60029;1128;"Temporal Data and the Relational Model";2003;"na";275;49.95;5;1;46.20;"2015-12-22";"Rossetti";"Christina";"MI";"49742     ";"2012-07-11"
267780;60025;1627;"The Ants";1990;"9780674040755";732;120.18;1;1;199.95;"2015-12-28";"Shelly";"Mary";"CA";"94100     ";"2010-10-02"
221297;60030;1627;"The Ants";1990;"9780674040755";732;120.18;1;1;199.95;"2015-12-24";"Dodgson";"Charles";"MI";"49327     ";"2001-05-06"
227105;60039;2009;"SQL Server 2012 for Developers";2012;"78-1890774691";814;34.42;1;1;26.99;"2015-12-12";"Kafka";"Franz";"MA";"02297     ";"2010-12-31"
227105;60039;1602;"Goblin Market and Other Poems";2012;"9780486280554";68;2.95;3;97;2.00;"2015-12-12";"Kafka";"Franz";"MA";"02297     ";"2010-12-31"
227105;60039;1448;"Backyard Birdsong Guide: Western North America";2008;"9780811863971";3192;29.99;2;5;25.00;"2015-12-12";"Kafka";"Franz";"MA";"02297     ";"2010-12-31"
227105;60039;1305;"Journeys Through Flatland";1958;"0387515357";100;9.99;4;50;9.99;"2015-12-12";"Kafka";"Franz";"MA";"02297     ";"2010-12-31"
290298;60032;1101;"Programming SQL Server with VB.NET";2002;"0735615357";300;59.99;1;5;59.99;"2015-12-31";"Swift";"Jonathan";"MI";"49201     ";"2010-10-12"
290298;60032;1142;"Relational Database Theory";1993;"";879;95.00;2;5;39.00;"2015-12-31";"Swift";"Jonathan";"MI";"49201     ";"2010-10-12"
290298;60032;1162;"Trees and Hierarchies";2004;"1558609202";350;35.00;3;2;35.00;"2015-12-31";"Swift";"Jonathan";"MI";"49201     ";"2010-10-12"
290298;60032;1401;"Visual Studio Tools for Office";2006;"0321334884";976;54.99;4;50;46.95;"2015-12-31";"Swift";"Jonathan";"MI";"49201     ";"2010-10-12"
290298;60032;2002;"SQL Server 2012 A Beginner's Guide";2012;"978-0071761604";832;24.92;6;100;39.00;"2015-12-31";"Swift";"Jonathan";"MI";"49201     ";"2010-10-12"
290298;60032;1128;"Temporal Data and the Relational Model";2003;"na";275;49.95;7;5;25.00;"2015-12-31";"Swift";"Jonathan";"MI";"49201     ";"2010-10-12"
290298;60032;1103;"Selected Poems";1949;"";125;12.00;8;1;10.95;"2015-12-31";"Swift";"Jonathan";"MI";"49201     ";"2010-10-12"
227105;60027;2032;"Oracle and the rest of the world";2013;"9091599593217";250;55.99;1;1;0.00;"2015-12-31";"Kafka";"Franz";"MA";"02297     ";"2010-12-31"
227105;60027;2017;"Functional Programming";2010;"9781933988924";528;49.99;3;1;0.00;"2015-12-31";"Kafka";"Franz";"MA";"02297     ";"2010-12-31"
227105;60027;1161;"SQL Programming Style";2005;"0120887975";780;35.00;4;100;25.25;"2015-12-31";"Kafka";"Franz";"MA";"02297     ";"2010-12-31"
227105;60027;1537;"The BedSide Book of Birds";2005;"0385514832";68;29.95;6;15;15.37;"2015-12-31";"Kafka";"Franz";"MA";"02297     ";"2010-12-31"
267780;31840;1103;"Selected Poems";1949;"";125;12.00;1;2;12.00;"2016-01-01";"Shelly";"Mary";"CA";"94100     ";"2010-10-02"
272787;31841;1448;"Backyard Birdsong Guide: Western North America";2008;"9780811863971";3192;29.99;1;50;25.00;"2016-01-02";"Carlson";"Ben";"IL";"62505     ";"2012-05-05"
234138;31850;1279;"Data-Driven Services with Silverlight 2";2009;"9780596523091";336;44.99;1;1;40.49;"2016-01-02";"Keats";"John";"IL";"61500     ";"2006-04-30"
212921;1200;1200;"The Mismeasure of Man";1996;"9780393314250";488;17.95;1;5;16.33;"2016-01-18";"Books on Tap";"";"CA";"94112     ";"2002-01-06"
212921;1200;1199;"SQL is Fun";2007;"";98;19.99;2;5;18.39;"2016-01-18";"Books on Tap";"";"CA";"94112     ";"2002-01-06"
212921;1200;1457;"Visual Basic 2008 Recipes";2008;"9781590599709";300;79.99;3;5;53.99;"2016-01-18";"Books on Tap";"";"CA";"94112     ";"2002-01-06"
212921;1200;1133;"Leaves of Grass";1902;"";125;19.95;4;5;18.15;"2016-01-18";"Books on Tap";"";"CA";"94112     ";"2002-01-06"
212921;1200;1448;"Backyard Birdsong Guide: Western North America";2008;"9780811863971";3192;29.99;5;5;36.79;"2016-01-18";"Books on Tap";"";"CA";"94112     ";"2002-01-06"
212921;1200;1948;"Framework Design Guidelines";2006;"0321246756";346;44.99;6;5;40.94;"2016-01-18";"Books on Tap";"";"CA";"94112     ";"2002-01-06"
212921;1200;1180;"MySQL Database Design and Tuning";2005;"9780672234650";400;49.99;7;5;45.99;"2016-01-18";"Books on Tap";"";"CA";"94112     ";"2002-01-06"
212921;1200;1128;"Temporal Data and the Relational Model";2003;"na";275;49.95;8;5;46.20;"2016-01-18";"Books on Tap";"";"CA";"94112     ";"2002-01-06"
212921;12005;1448;"Backyard Birdsong Guide: Western North America";2008;"9780811863971";3192;29.99;1;1;27.29;"2016-01-20";"Books on Tap";"";"CA";"94112     ";"2002-01-06"
212921;51845;1103;"Selected Poems";1949;"";125;12.00;1;11;15.00;"2016-01-01";"Books on Tap";"";"CA";"94112     ";"2002-01-06"
212921;51845;1301;"ADO and Oracle Workbook";2002;"0265615357";0;59.99;2;15;45.50;"2016-01-01";"Books on Tap";"";"CA";"94112     ";"2002-01-06"
212921;51845;1304;"Stories of Discoveries";2002;"0777788887";300;59.99;3;5;59.99;"2016-01-01";"Books on Tap";"";"CA";"94112     ";"2002-01-06"
212921;51845;1541;"Freethinkers: A History of American Secularism";2004;"9780805077766";448;12.79;4;5;12.00;"2016-01-01";"Books on Tap";"";"CA";"94112     ";"2002-01-06"
212921;51845;1545;"Team of Rivals: The Political Genius of Abraham Lincoln";2006;"9780739469767";944;13.96;5;5;13.96;"2016-01-01";"Books on Tap";"";"CA";"94112     ";"2002-01-06"
234138;51846;1107;"SQL Puzzles and Answers";1997;"1558604537";325;25.00;1;11;25.00;"2016-01-08";"Keats";"John";"IL";"61500     ";"2006-04-30"
234138;51846;1546;"The Johnstown Flood";1987;"9780671207144";304;10.39;2;12;10.39;"2016-01-08";"Keats";"John";"IL";"61500     ";"2006-04-30"
234138;51846;2002;"SQL Server 2012 A Beginner's Guide";2012;"978-0071761604";832;24.92;3;5;39.00;"2016-01-08";"Keats";"John";"IL";"61500     ";"2006-04-30"
234138;51846;1103;"Selected Poems";1949;"";125;12.00;4;2;12.00;"2016-01-08";"Keats";"John";"IL";"61500     ";"2006-04-30"
234138;51846;1541;"Freethinkers: A History of American Secularism";2004;"9780805077766";448;12.79;5;2;12.00;"2016-01-08";"Keats";"John";"IL";"61500     ";"2006-04-30"
259969;51857;1425;"The Singing Life of Birds";2005;"0618405682";468;28.09;2;2;28.09;"2016-01-08";"Carlsen";"Benny";"NJ";"08505     ";"2012-07-12"
259969;51857;1609;"In the Company of Crows and Ravens";2005;"0300100760";376;18.95;3;1;18.95;"2016-01-08";"Carlsen";"Benny";"NJ";"08505     ";"2012-07-12"
259969;51857;1109;"Intro to DB Systems-7th Ed";2000;"0201385902";650;80.00;4;1;80.00;"2016-01-08";"Carlsen";"Benny";"NJ";"08505     ";"2012-07-12"
259969;51857;2009;"SQL Server 2012 for Developers";2012;"78-1890774691";814;34.42;5;1;29.99;"2016-01-08";"Carlsen";"Benny";"NJ";"08505     ";"2012-07-12"
259969;51858;1133;"Leaves of Grass";1902;"";125;19.95;2;3;19.95;"2016-01-08";"Carlsen";"Benny";"NJ";"08505     ";"2012-07-12"
259969;51858;1609;"In the Company of Crows and Ravens";2005;"0300100760";376;18.95;3;3;18.95;"2016-01-08";"Carlsen";"Benny";"NJ";"08505     ";"2012-07-12"
272611;51859;1128;"Temporal Data and the Relational Model";2003;"na";275;49.95;2;1;49.99;"2016-01-08";"Jarrett";"Keith";"IL";"62329     ";"2014-07-11"
272611;51859;1269;"Querying XML";2006;"9781558607118";848;63.95;1;1;63.95;"2016-01-08";"Jarrett";"Keith";"IL";"62329     ";"2014-07-11"
299099;51860;2032;"Oracle and the rest of the world";2013;"9091599593217";250;55.99;4;1;55.99;"2016-01-08";"Sam";"Dave";"CA";"94141     ";"2012-01-01"
218709;19224;1101;"Programming SQL Server with VB.NET";2002;"0735615357";300;59.99;1;8;55.19;"2016-02-08";"Bonnard";"Paul";"MA";"02558     ";"2005-11-15"
272787;19253;1103;"Selected Poems";1949;"";125;12.00;1;2;12.00;"2016-02-08";"Carlson";"Ben";"IL";"62505     ";"2012-05-05"
272787;19253;1104;"Sibley Guide to Bird Life and Behavior";2001;"0679451234";604;45.00;2;1;45.00;"2016-02-08";"Carlson";"Ben";"IL";"62505     ";"2012-05-05"
261502;31852;1279;"Data-Driven Services with Silverlight 2";2009;"9780596523091";336;44.99;1;1;40.49;"2016-02-08";"Hawthorne";"Nathaniel";"MA";"02297     ";"2001-10-12"
234138;31853;1448;"Backyard Birdsong Guide: Western North America";2008;"9780811863971";3192;29.99;1;10;30.00;"2016-02-02";"Keats";"John";"IL";"61500     ";"2006-04-30"
234138;31853;1162;"Trees and Hierarchies";2004;"1558609202";350;35.00;2;20;34.95;"2016-02-02";"Keats";"John";"IL";"61500     ";"2006-04-30"
212921;31855;1279;"Data-Driven Services with Silverlight 2";2009;"9780596523091";336;44.99;1;1;40.49;"2016-02-05";"Books on Tap";"";"CA";"94112     ";"2002-01-06"
272787;91307;1258;".Net Development for Microsoft Office";2005;"0735621322";500;49.99;1;1;44.99;"2016-02-12";"Carlson";"Ben";"IL";"62505     ";"2012-05-05"
272787;91307;1619;"The Oject-Oriented Thought Process";2004;"9780672326110";158;29.99;2;2;35.00;"2016-02-12";"Carlson";"Ben";"IL";"62505     ";"2012-05-05"
276381;31860;1279;"Data-Driven Services with Silverlight 2";2009;"9780596523091";336;44.99;1;1;40.49;"2016-02-15";"Collins";"Douglas";"OH";"22451     ";"2005-02-08"
217796;51847;1541;"Freethinkers: A History of American Secularism";2004;"9780805077766";448;12.79;1;2;10.95;"2016-02-04";"Anders";"";"IL";"62505     ";"2012-03-30"
217796;51847;1542;"The Great Agnostic: Robert Ingersoll and American Freethought";2013;"9780300137255";256;16.99;2;1;16.99;"2016-02-04";"Anders";"";"IL";"62505     ";"2012-03-30"
276381;51848;1544;"The House on Diamond Hill: A Cherokee Plantation Story";2012;"9780807872673";336;17.76;1;50;17.76;"2016-02-05";"Collins";"Douglas";"OH";"22451     ";"2005-02-08"
218709;51849;1543;"Ties That Bind:The Story of an Afro-Cherokee Family in Slavery and Freedom";2006;"9780520250024";327;26.96;1;50;25.00;"2016-02-08";"Bonnard";"Paul";"MA";"02558     ";"2005-11-15"
218709;51849;1544;"The House on Diamond Hill: A Cherokee Plantation Story";2012;"9780807872673";336;17.76;2;50;17.76;"2016-02-08";"Bonnard";"Paul";"MA";"02558     ";"2005-11-15"
260368;51861;2032;"Oracle and the rest of the world";2013;"9091599593217";250;55.99;1;1;57.99;"2016-02-01";"Muller";"Jonathan";"IL";"62885     ";"2005-12-15"
260368;51861;2032;"Oracle and the rest of the world";2013;"9091599593217";250;55.99;2;2;59.99;"2016-02-01";"Muller";"Jonathan";"IL";"62885     ";"2005-12-15"
272611;51862;1627;"The Ants";1990;"9780674040755";732;120.18;1;4;120.18;"2016-02-02";"Jarrett";"Keith";"IL";"62329     ";"2014-07-11"
239427;51863;1629;"The Leafcutter Ants: Civilization by Instinct";1990;"9780393338683";160;19.95;1;42;19.95;"2016-02-03";"Marksa";"Anna";"NJ";"08495     ";"2012-02-28"
299099;51864;1628;"The Superorganism:The Beauty, Elegance, and Strangeness of Insect Societies";2008;"9780393067040";544;34.65;2;3;34.65;"2016-02-03";"Sam";"Dave";"CA";"94141     ";"2012-01-01"
299099;51864;1108;"Database Systems";1996;"";680;39.95;3;342;34.65;"2016-02-03";"Sam";"Dave";"CA";"94141     ";"2012-01-01"
299099;51864;1628;"The Superorganism:The Beauty, Elegance, and Strangeness of Insect Societies";2008;"9780393067040";544;34.65;4;4;34.65;"2016-02-03";"Sam";"Dave";"CA";"94141     ";"2012-01-01"
282716;91013;1619;"The Oject-Oriented Thought Process";2004;"9780672326110";158;29.99;1;49;6.00;"2016-02-20";"Biederbecke";"Dwight";"PA";"18106     ";"2014-01-01"
282716;91013;1128;"Temporal Data and the Relational Model";2003;"na";275;49.95;2;100;65.00;"2016-02-20";"Biederbecke";"Dwight";"PA";"18106     ";"2014-01-01"
282716;91014;1628;"The Superorganism:The Beauty, Elegance, and Strangeness of Insect Societies";2008;"9780393067040";544;34.65;1;10;32.00;"2016-02-21";"Biederbecke";"Dwight";"PA";"18106     ";"2014-01-01"
282716;91014;1629;"The Leafcutter Ants: Civilization by Instinct";1990;"9780393338683";160;19.95;2;10;19.95;"2016-02-21";"Biederbecke";"Dwight";"PA";"18106     ";"2014-01-01"
267780;94106;1142;"Relational Database Theory";1993;"";879;95.00;1;10;42.95;"2016-02-28";"Shelly";"Mary";"CA";"94100     ";"2010-10-02"
261502;94299;1128;"Temporal Data and the Relational Model";2003;"na";275;49.95;1;5;25.00;"2016-02-29";"Hawthorne";"Nathaniel";"MA";"02297     ";"2001-10-12"
261502;94299;1103;"Selected Poems";1949;"";125;12.00;2;1;10.95;"2016-02-29";"Hawthorne";"Nathaniel";"MA";"02297     ";"2001-10-12"
261502;94299;1128;"Temporal Data and the Relational Model";2003;"na";275;49.95;3;1;46.20;"2016-02-29";"Hawthorne";"Nathaniel";"MA";"02297     ";"2001-10-12"
260368;92812;1142;"Relational Database Theory";1993;"";879;95.00;1;1;49.95;"2016-02-19";"Muller";"Jonathan";"IL";"62885     ";"2005-12-15"
228175;94802;1103;"Selected Poems";1949;"";125;12.00;1;3;15.00;"2016-02-20";"Cardin";"Benjamin";"MD";"20609     ";"2014-04-02"
228175;94802;1306;"Myths of SQL";2000;"0454615027";2895;259.99;2;5;250.12;"2016-02-20";"Cardin";"Benjamin";"MD";"20609     ";"2014-04-02"
259906;92905;2028;"Mastering Oracle Databases";2010;"9781599594487";464;59.99;1;1;58.00;"2016-02-22";"Capybara";"Wile E.";"CA";"94132     ";"2014-08-05"
267780;91841;1142;"Relational Database Theory";1993;"";879;95.00;1;150;25.00;"2016-02-22";"Shelly";"Mary";"CA";"94100     ";"2010-10-02"
261502;91850;1162;"Trees and Hierarchies";2004;"1558609202";350;35.00;1;1;30.49;"2016-02-22";"Hawthorne";"Nathaniel";"MA";"02297     ";"2001-10-12"
261502;91850;1109;"Intro to DB Systems-7th Ed";2000;"0201385902";650;80.00;2;1;25.00;"2016-02-22";"Hawthorne";"Nathaniel";"MA";"02297     ";"2001-10-12"
212921;44890;1103;"Selected Poems";1949;"";125;12.00;1;11;15.00;"2016-03-01";"Books on Tap";"";"CA";"94112     ";"2002-01-06"
224038;44803;1128;"Temporal Data and the Relational Model";2003;"na";275;49.95;1;25;45.00;"2016-03-02";"Austin";"Pat";"CA";"95900     ";"1997-08-02"
224038;44803;1301;"ADO and Oracle Workbook";2002;"0265615357";0;59.99;2;15;45.50;"2016-03-02";"Austin";"Pat";"CA";"95900     ";"1997-08-02"
224038;44803;1304;"Stories of Discoveries";2002;"0777788887";300;59.99;3;5;59.99;"2016-03-02";"Austin";"Pat";"CA";"95900     ";"1997-08-02"
239427;44804;1304;"Stories of Discoveries";2002;"0777788887";300;59.99;1;50;45.00;"2016-03-04";"Marksa";"Anna";"NJ";"08495     ";"2012-02-28"
239427;44804;1305;"Journeys Through Flatland";1958;"0387515357";100;9.99;2;50;9.99;"2016-03-04";"Marksa";"Anna";"NJ";"08495     ";"2012-02-28"
260368;41012;1128;"Temporal Data and the Relational Model";2003;"na";275;49.95;1;1;49.95;"2016-03-05";"Muller";"Jonathan";"IL";"62885     ";"2005-12-15"
224038;44805;1104;"Sibley Guide to Bird Life and Behavior";2001;"0679451234";604;45.00;1;5;45.00;"2016-03-06";"Austin";"Pat";"CA";"95900     ";"1997-08-02"
224038;44805;1306;"Myths of SQL";2000;"0454615027";2895;259.99;2;5;250.12;"2016-03-06";"Austin";"Pat";"CA";"95900     ";"1997-08-02"
212921;44891;1142;"Relational Database Theory";1993;"";879;95.00;1;5;15.00;"2016-03-05";"Books on Tap";"";"CA";"94112     ";"2002-01-06"
276381;41007;1448;"Backyard Birdsong Guide: Western North America";2008;"9780811863971";3192;29.99;1;50;25.00;"2016-03-03";"Collins";"Douglas";"OH";"22451     ";"2005-02-08"
234138;41002;1107;"SQL Puzzles and Answers";1997;"1558604537";325;25.00;1;11;25.00;"2016-03-08";"Keats";"John";"IL";"61500     ";"2006-04-30"
234138;41002;1106;"SQL for Smarties";1995;"1558603239";250;29.00;2;12;25.50;"2016-03-08";"Keats";"John";"IL";"61500     ";"2006-04-30"
200368;41003;1104;"Sibley Guide to Bird Life and Behavior";2001;"0679451234";604;45.00;1;5;45.00;"2016-03-08";"Blake";"William";"CA";"95959     ";"1997-07-15"
217796;44606;1106;"SQL for Smarties";1995;"1558603239";250;29.00;1;5;34.95;"2016-03-14";"Anders";"";"IL";"62505     ";"2012-03-30"
217796;44606;1107;"SQL Puzzles and Answers";1997;"1558604537";325;25.00;2;5;20.95;"2016-03-14";"Anders";"";"IL";"62505     ";"2012-03-30"
217796;44606;2002;"SQL Server 2012 A Beginner's Guide";2012;"978-0071761604";832;24.92;3;5;39.00;"2016-03-14";"Anders";"";"IL";"62505     ";"2012-03-30"
263119;44610;1103;"Selected Poems";1949;"";125;12.00;1;2;12.00;"2016-03-15";"Jones";"";"IL";"62979     ";"1997-03-02"
261502;44615;1103;"Selected Poems";1949;"";125;12.00;1;2;12.00;"2016-03-15";"Hawthorne";"Nathaniel";"MA";"02297     ";"2001-10-12"
217796;1602;1103;"Selected Poems";1949;"";125;12.00;1;2;10.95;"2016-03-14";"Anders";"";"IL";"62505     ";"2012-03-30"
217796;1602;1106;"SQL for Smarties";1995;"1558603239";250;29.00;2;1;29.00;"2016-03-14";"Anders";"";"IL";"62505     ";"2012-03-30"
276381;1008;1670;"Applied .NET Framework Programming VB.NET";2003;"0735678772";608;49.99;1;50;40.00;"2016-03-10";"Collins";"Douglas";"OH";"22451     ";"2005-02-08"
218709;1010;1537;"The BedSide Book of Birds";2005;"0385514832";68;29.95;1;50;25.00;"2016-03-10";"Bonnard";"Paul";"MA";"02558     ";"2005-11-15"
261502;1011;1103;"Selected Poems";1949;"";125;12.00;1;2;10.95;"2016-03-10";"Hawthorne";"Nathaniel";"MA";"02297     ";"2001-10-12"
261502;1603;2009;"SQL Server 2012 for Developers";2012;"78-1890774691";814;34.42;1;5;34.95;"2016-03-10";"Hawthorne";"Nathaniel";"MA";"02297     ";"2001-10-12"
261502;1603;2007;"T_SQL Querying (Inside series)";2006;"9780733132";391;44.99;3;1;39.00;"2016-03-10";"Hawthorne";"Nathaniel";"MA";"02297     ";"2001-10-12"
261502;1603;2002;"SQL Server 2012 A Beginner's Guide";2012;"978-0071761604";832;24.92;4;1;39.00;"2016-03-10";"Hawthorne";"Nathaniel";"MA";"02297     ";"2001-10-12"
217796;1604;1103;"Selected Poems";1949;"";125;12.00;1;25;10.95;"2016-03-10";"Anders";"";"IL";"62505     ";"2012-03-30"
217796;1604;1106;"SQL for Smarties";1995;"1558603239";250;29.00;2;15;29.00;"2016-03-10";"Anders";"";"IL";"62505     ";"2012-03-30"
272611;32892;2002;"SQL Server 2012 A Beginner's Guide";2012;"978-0071761604";832;24.92;1;5;15.00;"2016-03-10";"Jarrett";"Keith";"IL";"62329     ";"2014-07-11"
234709;1027;2002;"SQL Server 2012 A Beginner's Guide";2012;"978-0071761604";832;24.92;1;21;49.99;"2016-03-18";"Brahms";"Johnnie";"MA";"02558     ";"2014-08-15"
234709;1027;1077;"Programming for Poets";2009;"";401;40.25;2;22;10.99;"2016-03-18";"Brahms";"Johnnie";"MA";"02558     ";"2014-08-15"
221297;1004;1106;"SQL for Smarties";1995;"1558603239";250;29.00;1;2;18.25;"2016-03-18";"Dodgson";"Charles";"MI";"49327     ";"2001-05-06"
218709;32896;1162;"Trees and Hierarchies";2004;"1558609202";350;35.00;1;1;35.99;"2016-03-18";"Bonnard";"Paul";"MA";"02558     ";"2005-11-15"
234709;1028;2002;"SQL Server 2012 A Beginner's Guide";2012;"978-0071761604";832;24.92;1;1;19.78;"2016-03-20";"Brahms";"Johnnie";"MA";"02558     ";"2014-08-15"
234709;1028;2002;"SQL Server 2012 A Beginner's Guide";2012;"978-0071761604";832;24.92;2;22;40.00;"2016-03-20";"Brahms";"Johnnie";"MA";"02558     ";"2014-08-15"
234709;1028;2009;"SQL Server 2012 for Developers";2012;"78-1890774691";814;34.42;3;1;19.95;"2016-03-20";"Brahms";"Johnnie";"MA";"02558     ";"2014-08-15"
234709;1028;2006;"T_SQL Programming (Inside series)";2006;"9780756978";390;44.99;4;1;46.95;"2016-03-20";"Brahms";"Johnnie";"MA";"02558     ";"2014-08-15"
261502;1661;1103;"Selected Poems";1949;"";125;12.00;1;97;2.00;"2016-03-15";"Hawthorne";"Nathaniel";"MA";"02297     ";"2001-10-12"
234709;1030;1279;"Data-Driven Services with Silverlight 2";2009;"9780596523091";336;44.99;1;1;40.49;"2016-03-22";"Brahms";"Johnnie";"MA";"02558     ";"2014-08-15"
212921;1039;1448;"Backyard Birdsong Guide: Western North America";2008;"9780811863971";3192;29.99;1;1;30.00;"2016-03-22";"Books on Tap";"";"CA";"94112     ";"2002-01-06"
212921;1039;1162;"Trees and Hierarchies";2004;"1558609202";350;35.00;2;2;34.95;"2016-03-22";"Books on Tap";"";"CA";"94112     ";"2002-01-06"
263119;1040;2025;"Oracle SQL Fundamentals I Exam Guide";2008;"9780071597869";572;59.99;1;560;39.00;"2016-03-28";"Jones";"";"IL";"62979     ";"1997-03-02"
263119;1040;2018;"Oracle Database 11g SQL";2008;"9780071498500";650;49.99;2;2;49.99;"2016-03-28";"Jones";"";"IL";"62979     ";"1997-03-02"
290298;31884;1278;"Beginning VB 2008 Databases";2008;"9781590599471";408;44.99;1;1;48.00;"2016-03-22";"Swift";"Jonathan";"MI";"49201     ";"2010-10-12"
290298;31884;1199;"SQL is Fun";2007;"";98;19.99;2;9;17.99;"2016-03-22";"Swift";"Jonathan";"MI";"49201     ";"2010-10-12"
217796;31885;1448;"Backyard Birdsong Guide: Western North America";2008;"9780811863971";3192;29.99;1;50;25.00;"2016-03-22";"Anders";"";"IL";"62505     ";"2012-03-30"
227105;31889;1109;"Intro to DB Systems-7th Ed";2000;"0201385902";650;80.00;1;18;50.60;"2016-03-22";"Kafka";"Franz";"MA";"02297     ";"2010-12-31"
239427;22806;1107;"SQL Puzzles and Answers";1997;"1558604537";325;25.00;1;1;25.00;"2016-03-23";"Marksa";"Anna";"NJ";"08495     ";"2012-02-28"
224038;22807;1175;"MySQL in a Nutshell";2008;"9780596514331";538;34.99;1;1;34.99;"2016-03-23";"Austin";"Pat";"CA";"95900     ";"1997-08-02"
290298;22808;1182;"MySQL Cookbook";2007;"9780596527082";918;49.99;1;1;45.00;"2016-03-24";"Swift";"Jonathan";"MI";"49201     ";"2010-10-12"
239427;22809;1104;"Sibley Guide to Bird Life and Behavior";2001;"0679451234";604;45.00;1;5;45.00;"2016-03-25";"Marksa";"Anna";"NJ";"08495     ";"2012-02-28"
218709;22810;1182;"MySQL Cookbook";2007;"9780596527082";918;49.99;1;5;49.99;"2016-03-25";"Bonnard";"Paul";"MA";"02558     ";"2005-11-15"
218709;22810;1162;"Trees and Hierarchies";2004;"1558609202";350;35.00;2;5;35.00;"2016-03-25";"Bonnard";"Paul";"MA";"02558     ";"2005-11-15"
261502;32897;1110;"Adv SQL:1999 Object_Relational Features";2002;"1558606077";520;59.95;1;2;50.00;"2016-03-22";"Hawthorne";"Nathaniel";"MA";"02297     ";"2001-10-12"
261502;32898;2006;"T_SQL Programming (Inside series)";2006;"9780756978";390;44.99;1;3;20.00;"2016-03-22";"Hawthorne";"Nathaniel";"MA";"02297     ";"2001-10-12"
290298;1005;1142;"Relational Database Theory";1993;"";879;95.00;1;2;42.45;"2016-03-28";"Swift";"Jonathan";"MI";"49201     ";"2010-10-12"
290298;1005;1107;"SQL Puzzles and Answers";1997;"1558604537";325;25.00;2;4;21.50;"2016-03-28";"Swift";"Jonathan";"MI";"49201     ";"2010-10-12"
208950;1006;1103;"Selected Poems";1949;"";125;12.00;1;10;10.95;"2016-03-28";"Adams";"Samuel";"MA";"02106     ";"1996-04-15"
261502;32899;1128;"Temporal Data and the Relational Model";2003;"na";275;49.95;1;50;25.00;"2016-03-29";"Hawthorne";"Nathaniel";"MA";"02297     ";"2001-10-12"
217796;32800;1128;"Temporal Data and the Relational Model";2003;"na";275;49.95;1;50;25.00;"2016-03-29";"Anders";"";"IL";"62505     ";"2012-03-30"
239427;22312;1357;"Why Birds Sing";2005;"046507135X";240;26.00;1;50;26.00;"2016-03-31";"Marksa";"Anna";"NJ";"08495     ";"2012-02-28"
239427;22312;1425;"The Singing Life of Birds";2005;"0618405682";468;28.09;2;50;28.09;"2016-03-31";"Marksa";"Anna";"NJ";"08495     ";"2012-02-28"
239427;22813;1175;"MySQL in a Nutshell";2008;"9780596514331";538;34.99;1;1;45.00;"2016-03-31";"Marksa";"Anna";"NJ";"08495     ";"2012-02-28"
239427;22813;1180;"MySQL Database Design and Tuning";2005;"9780672234650";400;49.99;2;1;49.99;"2016-03-31";"Marksa";"Anna";"NJ";"08495     ";"2012-02-28"
239427;22813;1182;"MySQL Cookbook";2007;"9780596527082";918;49.99;3;1;45.00;"2016-03-31";"Marksa";"Anna";"NJ";"08495     ";"2012-02-28"
239427;22813;1184;"MySQL Developer's Library";2009;"9780672329388";650;49.99;4;1;49.99;"2016-03-31";"Marksa";"Anna";"NJ";"08495     ";"2012-02-28"
239427;22813;1185;"MySQL Stored Procedures";2007;"9780596100896";595;49.99;5;1;49.99;"2016-03-31";"Marksa";"Anna";"NJ";"08495     ";"2012-02-28"
239427;22813;1188;"SQL for MySQL Developers";2007;"9780314973851";105;49.99;6;1;49.99;"2016-03-31";"Marksa";"Anna";"NJ";"08495     ";"2012-02-28"
239427;22813;1877;"High Performance MySQL";2008;"9780596101718";708;49.99;7;1;45.00;"2016-03-31";"Marksa";"Anna";"NJ";"08495     ";"2012-02-28"
239427;22813;1175;"MySQL in a Nutshell";2008;"9780596514331";538;34.99;8;1;34.90;"2016-03-31";"Marksa";"Anna";"NJ";"08495     ";"2012-02-28"
239427;22813;1425;"The Singing Life of Birds";2005;"0618405682";468;28.09;9;1;25.90;"2016-03-31";"Marksa";"Anna";"NJ";"08495     ";"2012-02-28"
227105;22820;1628;"The Superorganism:The Beauty, Elegance, and Strangeness of Insect Societies";2008;"9780393067040";544;34.65;1;1;32.00;"2016-03-19";"Kafka";"Franz";"MA";"02297     ";"2010-12-31"
227105;22820;1629;"The Leafcutter Ants: Civilization by Instinct";1990;"9780393338683";160;19.95;2;1;19.95;"2016-03-19";"Kafka";"Franz";"MA";"02297     ";"2010-12-31"
222477;22821;1258;".Net Development for Microsoft Office";2005;"0735621322";500;49.99;1;1;44.99;"2016-03-19";"Rossetti";"Christina";"MI";"49742     ";"2012-07-11"
267780;22825;1619;"The Oject-Oriented Thought Process";2004;"9780672326110";158;29.99;1;2;35.00;"2016-03-21";"Shelly";"Mary";"CA";"94100     ";"2010-10-02"
267780;22825;1128;"Temporal Data and the Relational Model";2003;"na";275;49.95;2;1;46.20;"2016-03-21";"Shelly";"Mary";"CA";"94100     ";"2010-10-02"
267780;22825;1162;"Trees and Hierarchies";2004;"1558609202";350;35.00;3;1;32.45;"2016-03-21";"Shelly";"Mary";"CA";"94100     ";"2010-10-02"
227105;31830;1161;"SQL Programming Style";2005;"0120887975";780;35.00;1;3;35.00;"2016-03-21";"Kafka";"Franz";"MA";"02297     ";"2010-12-31"
227105;31830;1142;"Relational Database Theory";1993;"";879;95.00;2;100;34.95;"2016-03-21";"Kafka";"Franz";"MA";"02297     ";"2010-12-31"
222477;31837;1128;"Temporal Data and the Relational Model";2003;"na";275;49.95;1;50;46.95;"2016-03-21";"Rossetti";"Christina";"MI";"49742     ";"2012-07-11"
290298;31866;2028;"Mastering Oracle Databases";2010;"9781599594487";464;59.99;1;2;58.50;"2016-03-26";"Swift";"Jonathan";"MI";"49201     ";"2010-10-12"
290298;31866;1103;"Selected Poems";1949;"";125;12.00;2;11;15.00;"2016-03-26";"Swift";"Jonathan";"MI";"49201     ";"2010-10-12"
290298;31866;1103;"Selected Poems";1949;"";125;12.00;3;1;5.75;"2016-03-26";"Swift";"Jonathan";"MI";"49201     ";"2010-10-12"
227105;32845;1162;"Trees and Hierarchies";2004;"1558609202";350;35.00;1;2;35.00;"2016-03-27";"Kafka";"Franz";"MA";"02297     ";"2010-12-31"
290298;32849;1401;"Visual Studio Tools for Office";2006;"0321334884";976;54.99;1;50;46.95;"2016-03-27";"Swift";"Jonathan";"MI";"49201     ";"2010-10-12"
290298;32849;2002;"SQL Server 2012 A Beginner's Guide";2012;"978-0071761604";832;24.92;2;100;39.00;"2016-03-27";"Swift";"Jonathan";"MI";"49201     ";"2010-10-12"
290298;32849;1128;"Temporal Data and the Relational Model";2003;"na";275;49.95;3;5;25.00;"2016-03-27";"Swift";"Jonathan";"MI";"49201     ";"2010-10-12"
290298;32849;1103;"Selected Poems";1949;"";125;12.00;4;1;10.95;"2016-03-27";"Swift";"Jonathan";"MI";"49201     ";"2010-10-12"
259906;62905;2028;"Mastering Oracle Databases";2010;"9781599594487";464;59.99;1;1;58.00;"2016-04-02";"Capybara";"Wile E.";"CA";"94132     ";"2014-08-05"
259906;62906;2028;"Mastering Oracle Databases";2010;"9781599594487";464;59.99;1;2;58.50;"2016-04-04";"Capybara";"Wile E.";"CA";"94132     ";"2014-08-05"
259906;62906;1103;"Selected Poems";1949;"";125;12.00;2;11;15.00;"2016-04-04";"Capybara";"Wile E.";"CA";"94132     ";"2014-08-05"
259906;62906;1103;"Selected Poems";1949;"";125;12.00;3;1;5.75;"2016-04-04";"Capybara";"Wile E.";"CA";"94132     ";"2014-08-05"
267780;66409;2002;"SQL Server 2012 A Beginner's Guide";2012;"978-0071761604";832;24.92;1;100;39.00;"2016-04-07";"Shelly";"Mary";"CA";"94100     ";"2010-10-02"
267780;66409;1101;"Programming SQL Server with VB.NET";2002;"0735615357";300;59.99;2;5;59.99;"2016-04-07";"Shelly";"Mary";"CA";"94100     ";"2010-10-02"
267780;66409;1142;"Relational Database Theory";1993;"";879;95.00;3;5;39.00;"2016-04-07";"Shelly";"Mary";"CA";"94100     ";"2010-10-02"
267780;66483;1162;"Trees and Hierarchies";2004;"1558609202";350;35.00;1;1;32.45;"2016-04-11";"Shelly";"Mary";"CA";"94100     ";"2010-10-02"
267780;66483;1161;"SQL Programming Style";2005;"0120887975";780;35.00;2;3;35.00;"2016-04-11";"Shelly";"Mary";"CA";"94100     ";"2010-10-02"
222477;65491;1128;"Temporal Data and the Relational Model";2003;"na";275;49.95;1;1;49.95;"2016-04-12";"Rossetti";"Christina";"MI";"49742     ";"2012-07-11"
222477;65491;1161;"SQL Programming Style";2005;"0120887975";780;35.00;2;1;35.00;"2016-04-12";"Rossetti";"Christina";"MI";"49742     ";"2012-07-11"
222477;65491;2002;"SQL Server 2012 A Beginner's Guide";2012;"978-0071761604";832;24.92;3;1;39.00;"2016-04-12";"Rossetti";"Christina";"MI";"49742     ";"2012-07-11"
227105;65552;1102;"Practical Standards for VB.NET";2003;"0735613568";250;49.99;1;2;49.99;"2016-04-12";"Kafka";"Franz";"MA";"02297     ";"2010-12-31"
227105;65552;2002;"SQL Server 2012 A Beginner's Guide";2012;"978-0071761604";832;24.92;2;100;39.00;"2016-04-12";"Kafka";"Franz";"MA";"02297     ";"2010-12-31"
276381;61871;1448;"Backyard Birdsong Guide: Western North America";2008;"9780811863971";3192;29.99;1;1;30.00;"2016-05-03";"Collins";"Douglas";"OH";"22451     ";"2005-02-08"
276381;61871;1162;"Trees and Hierarchies";2004;"1558609202";350;35.00;2;2;34.95;"2016-05-03";"Collins";"Douglas";"OH";"22451     ";"2005-02-08"
200368;61872;1448;"Backyard Birdsong Guide: Western North America";2008;"9780811863971";3192;29.99;1;100;30.00;"2016-05-03";"Blake";"William";"CA";"95959     ";"1997-07-15"
222477;61563;1103;"Selected Poems";1949;"";125;12.00;1;2;10.95;"2016-05-03";"Rossetti";"Christina";"MI";"49742     ";"2012-07-11"
222477;61563;1106;"SQL for Smarties";1995;"1558603239";250;29.00;2;1;29.00;"2016-05-03";"Rossetti";"Christina";"MI";"49742     ";"2012-07-11"
221297;61601;1107;"SQL Puzzles and Answers";1997;"1558604537";325;25.00;1;1;22.50;"2016-05-06";"Dodgson";"Charles";"MI";"49327     ";"2001-05-06"
221297;61601;1483;"Programming with XML";2008;"";125;19.99;2;5;18.19;"2016-05-06";"Dodgson";"Charles";"MI";"49327     ";"2001-05-06"
221297;61601;1448;"Backyard Birdsong Guide: Western North America";2008;"9780811863971";3192;29.99;4;5;26.99;"2016-05-06";"Dodgson";"Charles";"MI";"49327     ";"2001-05-06"
227105;61702;1110;"Adv SQL:1999 Object_Relational Features";2002;"1558606077";520;59.95;1;2;50.00;"2016-05-06";"Kafka";"Franz";"MA";"02297     ";"2010-12-31"
261502;61705;1483;"Programming with XML";2008;"";125;19.99;1;100;44.99;"2016-05-06";"Hawthorne";"Nathaniel";"MA";"02297     ";"2001-10-12"
261502;61705;1128;"Temporal Data and the Relational Model";2003;"na";275;49.95;2;400;41.40;"2016-05-06";"Hawthorne";"Nathaniel";"MA";"02297     ";"2001-10-12"
267780;64873;1162;"Trees and Hierarchies";2004;"1558609202";350;35.00;1;1;32.45;"2016-05-11";"Shelly";"Mary";"CA";"94100     ";"2010-10-02"
267780;64873;1161;"SQL Programming Style";2005;"0120887975";780;35.00;2;3;35.00;"2016-05-11";"Shelly";"Mary";"CA";"94100     ";"2010-10-02"
217796;61605;1106;"SQL for Smarties";1995;"1558603239";250;29.00;1;5;34.95;"2016-05-06";"Anders";"";"IL";"62505     ";"2012-03-30"
200368;75261;1142;"Relational Database Theory";1993;"";879;95.00;1;100;34.95;"2016-06-28";"Blake";"William";"CA";"95959     ";"1997-07-15"
200368;75261;1128;"Temporal Data and the Relational Model";2003;"na";275;49.95;2;50;46.95;"2016-06-28";"Blake";"William";"CA";"95959     ";"1997-07-15"
200368;75261;2002;"SQL Server 2012 A Beginner's Guide";2012;"978-0071761604";832;24.92;3;100;39.00;"2016-06-28";"Blake";"William";"CA";"95959     ";"1997-07-15"
272787;75262;2009;"SQL Server 2012 for Developers";2012;"78-1890774691";814;34.42;1;5;34.95;"2016-06-02";"Carlson";"Ben";"IL";"62505     ";"2012-05-05"
272787;75262;2002;"SQL Server 2012 A Beginner's Guide";2012;"978-0071761604";832;24.92;4;1;39.00;"2016-06-02";"Carlson";"Ben";"IL";"62505     ";"2012-05-05"
272787;75262;1107;"SQL Puzzles and Answers";1997;"1558604537";325;25.00;2;5;20.95;"2016-06-02";"Carlson";"Ben";"IL";"62505     ";"2012-05-05"
272787;75262;2002;"SQL Server 2012 A Beginner's Guide";2012;"978-0071761604";832;24.92;3;5;39.00;"2016-06-02";"Carlson";"Ben";"IL";"62505     ";"2012-05-05"
261502;75321;2008;"SQL Server T_Sql Recipies";2015;"978-1484200629";972;48.99;1;20;54.59;"2016-06-29";"Hawthorne";"Nathaniel";"MA";"02297     ";"2001-10-12"
261502;75321;1978;"Acoustic Communication in Birds Vol1";1983;"9780124268012";360;103.91;2;10;95.60;"2016-06-29";"Hawthorne";"Nathaniel";"MA";"02297     ";"2001-10-12"
290298;75328;1182;"MySQL Cookbook";2007;"9780596527082";918;49.99;1;70;44.99;"2016-06-30";"Swift";"Jonathan";"MI";"49201     ";"2010-10-12"
227105;75345;1105;"SQL:1999 Relational Language Concepts";2002;"1558604561";450;59.95;1;40;55.15;"2016-06-30";"Kafka";"Franz";"MA";"02297     ";"2010-12-31"
227105;75345;2007;"T_SQL Querying (Inside series)";2006;"9780733132";391;44.99;4;1;39.00;"2016-06-30";"Kafka";"Franz";"MA";"02297     ";"2010-12-31"
227105;75345;2008;"SQL Server T_Sql Recipies";2015;"978-1484200629";972;48.99;5;1;39.00;"2016-06-30";"Kafka";"Franz";"MA";"02297     ";"2010-12-31"
267780;74883;1162;"Trees and Hierarchies";2004;"1558609202";350;35.00;1;1;32.45;"2016-06-11";"Shelly";"Mary";"CA";"94100     ";"2010-10-02"
267780;74883;1161;"SQL Programming Style";2005;"0120887975";780;35.00;2;3;35.00;"2016-06-11";"Shelly";"Mary";"CA";"94100     ";"2010-10-02"
290298;78144;1304;"Stories of Discoveries";2002;"0777788887";300;59.99;1;1;45.99;"2016-07-15";"Swift";"Jonathan";"MI";"49201     ";"2010-10-12"
290298;78144;2009;"SQL Server 2012 for Developers";2012;"78-1890774691";814;34.42;2;5;34.95;"2016-07-15";"Swift";"Jonathan";"MI";"49201     ";"2010-10-12"
290298;78144;1101;"Programming SQL Server with VB.NET";2002;"0735615357";300;59.99;3;8;55.95;"2016-07-15";"Swift";"Jonathan";"MI";"49201     ";"2010-10-12"
290298;78144;1103;"Selected Poems";1949;"";125;12.00;4;5;10.00;"2016-07-15";"Swift";"Jonathan";"MI";"49201     ";"2010-10-12"
222477;78145;1602;"Goblin Market and Other Poems";2012;"9780486280554";68;2.95;1;1;2.75;"2016-07-15";"Rossetti";"Christina";"MI";"49742     ";"2012-07-11"
222477;78145;1077;"Programming for Poets";2009;"";401;40.25;2;2;40.75;"2016-07-15";"Rossetti";"Christina";"MI";"49742     ";"2012-07-11"
200368;75281;1142;"Relational Database Theory";1993;"";879;95.00;1;100;34.95;"2016-07-28";"Blake";"William";"CA";"95959     ";"1997-07-15"
200368;75281;1128;"Temporal Data and the Relational Model";2003;"na";275;49.95;2;50;46.95;"2016-07-28";"Blake";"William";"CA";"95959     ";"1997-07-15"
200368;75281;2002;"SQL Server 2012 A Beginner's Guide";2012;"978-0071761604";832;24.92;3;100;39.00;"2016-07-28";"Blake";"William";"CA";"95959     ";"1997-07-15"
222477;75561;1142;"Relational Database Theory";1993;"";879;95.00;1;1;34.95;"2016-07-22";"Rossetti";"Christina";"MI";"49742     ";"2012-07-11"
222477;75561;1128;"Temporal Data and the Relational Model";2003;"na";275;49.95;2;5;46.95;"2016-07-22";"Rossetti";"Christina";"MI";"49742     ";"2012-07-11"
222477;75561;2002;"SQL Server 2012 A Beginner's Guide";2012;"978-0071761604";832;24.92;3;1;39.00;"2016-07-22";"Rossetti";"Christina";"MI";"49742     ";"2012-07-11"
267780;75483;1162;"Trees and Hierarchies";2004;"1558609202";350;35.00;1;1;32.45;"2016-08-11";"Shelly";"Mary";"CA";"94100     ";"2010-10-02"
267780;75483;1161;"SQL Programming Style";2005;"0120887975";780;35.00;2;3;35.00;"2016-08-11";"Shelly";"Mary";"CA";"94100     ";"2010-10-02"
222477;75491;1110;"Adv SQL:1999 Object_Relational Features";2002;"1558606077";520;59.95;1;2;50.00;"2016-08-12";"Rossetti";"Christina";"MI";"49742     ";"2012-07-11"
222477;75491;1629;"The Leafcutter Ants: Civilization by Instinct";1990;"9780393338683";160;19.95;2;1;19.95;"2016-08-12";"Rossetti";"Christina";"MI";"49742     ";"2012-07-11"
282716;73005;1628;"The Superorganism:The Beauty, Elegance, and Strangeness of Insect Societies";2008;"9780393067040";544;34.65;1;1;32.00;"2016-08-13";"Biederbecke";"Dwight";"PA";"18106     ";"2014-01-01"
282716;73005;1629;"The Leafcutter Ants: Civilization by Instinct";1990;"9780393338683";160;19.95;2;1;19.95;"2016-08-13";"Biederbecke";"Dwight";"PA";"18106     ";"2014-01-01"
272787;73006;1628;"The Superorganism:The Beauty, Elegance, and Strangeness of Insect Societies";2008;"9780393067040";544;34.65;1;1;32.00;"2016-08-13";"Carlson";"Ben";"IL";"62505     ";"2012-05-05"
272787;73006;1629;"The Leafcutter Ants: Civilization by Instinct";1990;"9780393338683";160;19.95;2;1;19.95;"2016-08-13";"Carlson";"Ben";"IL";"62505     ";"2012-05-05"
